,DATA_MONTH,USER_ID,SHOP_NAME
308553,202109,2206480661146, 上海博海锻压机床厂直
186651,202109,111579669,顶立动漫
481381,202106,2200536046572,审核车贴
163862,202107,2990504905,博兰德旗舰店
161406,202108,2990504905,博兰德旗舰店
281931,202109,2206501164850,千泉鑫福美专卖店
209425,202109,2693378558,王的多肉致敬生活
159667,202108,3262181609,zenith真力时官方旗舰店
91821,202107,2204117705236,u[2204117705236]
588399,202108,2204117705236,u[2204117705236]
477959,202106,2206429371938,少玮二号铺
389940,202106,2206482638401,u[2206482638401]
126128,202107,2206429371938,少玮二号铺
350091,202106,2832891602,金帅官方企业店
288556,202109,203542780,玺瑞珠宝企业店 媛燕水晶屋 玺瑞碧玺专场 东海水晶批发总店
481136,202106,2200598217112,仙子坊2018
596806,202108,2206422448233,爱尚包库
191305,202109,3291292290, 花匠赵大发
638644,202108,2206577869365,卫厚母婴用品
341941,202109,82287718,食肉者 灰谷 指尖陀螺
222665,202109,211584003, 寻觉玉道
270781,202109,104502292, 琼姐带你逛街买鞋
303533,202109,1063829461, 青尤模玩
474886,202106,2204117705236,u[2204117705236]
302237,202109,55213694, 「玉碗盛来琥珀光」
294455,202109,1061569353, 高先生商店
273233,202109,744566114, 诚信通讯二手设备
313780,202109,20022684, 王小石的LEGO杂货铺
327146,202109,58529641,花匠小树皮的店
302780,202109,85229912, 玉宇琼华
285673,202109,2204170520864, 丰收珠宝
217339,202109,590802243, Zooooo手帐文具铺
446361,202106,2090664088,苏州志道数控机床
329465,202109,16181709, 天麒珠宝
299156,202109,2207911302742, 缅甸优选1店
186815,202109,51006880, Plasticfriends 塑料
198661,202109,198916533, 超模动漫
90224,202107,3159164842,东莞市捷客迅实业有限公司
166446,202106,2452673475,康信家居旗舰店
302229,202109,27027182, 翡悦珠宝小店
325936,202109,4028328930,海容堂官方企业店
620117,202108,2832891602,金帅官方企业店
332004,202109,182472730, TWO EGGS 模玩店
190365,202109,2201639458494,豪多科技有限公司
259360,202109,3071936599,迈烁科技
208896,202109,2571413358, 管乐网上直销部
326684,202109,48669032, SUPER特供模玩
249944,202109,191040401, 密藏阁西藏天珠
237946,202109,14953154, 稀世之珍高级珠宝定制
614296,202108,3473376537,神游易购精品店
231284,202109,63730820, 歪工厂发条橘子店
274742,202109,409198420, Lucky文具铺
264982,202109,2206496772786,中国恒旺集团
261157,202109,2791333698, 电吉他总汇
47055,202107,4260244021,海内外品牌连锁坊
248871,202109,2774547430,邢台市鹏昊机械制造有限公司
221131,202109,2209091779577, 悟菲禅心
191941,202109,24562156, 古着恋物馆
185955,202109,2147883693, HexMeow
250516,202109,2201478916069,天缘地宝旗舰店
302000,202109,49574839,五天生活服务
295440,202109,1589562973, 郑州乐奇游乐设备厂
623022,202108,1580368333, 大羽车饰
200781,202109,1580368333, 大羽车饰
242565,202109,2055644268, 中科科翼
379005,202106,3164676451,moma猛玛官方自营店
107075,202107,379207690,活力足迹大本营
465278,202106,379207690,活力足迹大本营
316655,202109,3208365371,安碧祥珠宝旗舰店
263301,202109,128664601, 深圳市嘉義電子散热器
301993,202109,48987019, 动物星球
304003,202109,116297440, 沐语轩阁佛缘
221532,202109,23022390, 天空玩具Skytoys
346079,202106,1057276449,金利源官方企业店
253418,202109,2200598370312,山东大汉数控机床公司
617938,202108,754804252, 苏富贵's 福禄铺
278931,202109,374513338, 盈丰空调家电配件
261965,202109,690014130,沐玉軒和田玉
296062,202109,3171605881,首爱珠宝旗舰店
510467,202108,3171968250,拾花摄婚纱摄影会馆
242049,202109,931723822, 荆州叶氏锅盔炉子
245137,202109,24345094, 周转金业
212541,202109,2208535483651,NewDerm医疗美容旗舰店
389422,202106,755880593,沈机中捷数控机床公司
386787,202106,2201505807622,云南一机 准力机床有限公司
296585,202109,48778188, AS天使工房总店
7747,202107,78046583,[极致下料]软件
207753,202109,3236049209,jayland家居旗舰店
51430,202107,1066081086,东莞众城汽配商行
160848,202108,1909121883,史可威旗舰店
304277,202109,15355852, d[s35014833]
63733,202107,682011659,擎朗智能传菜机器人
341683,202109,887317050, 东盟智能针车
279693,202109,118338188,易普藏茶普洱茶收藏馆
196705,202109,448507554, 摩托罗拉正品直销店
228144,202109,26517020, ElementDoll
22326,202107,710756444,格力电器明珠店
262739,202109,188461809, 厂家直销儿童投币摇摇
627544,202108,2201505807622,云南一机 准力机床有限公司
208912,202109,258667456, 拾舍物玄
246980,202109,2206587637172,gravastar旗舰店
249748,202109,1895340818, 香香公主呀
11628,202107,2233217627,大家收藏888
519815,202108,2055644268, 中科科翼
167600,202107,1909121883,史可威旗舰店
309428,202109,3785666611,bluenile旗舰店
303109,202109,2207290221891,奢小主优品官方店
221010,202109,33839463,无锡凯旋车行
282971,202109,710756444, 格力电器明珠店
269260,202109,3216880915,繁星直播旗舰店
303347,202109,2208067091375,未家家居旗舰店
233464,202109,354534364, d[s485459669]
237255,202109,11247761, 桃兔兔手账杂物部
307217,202109,349103693, 千年太岁珍藏者
108812,202107,442034744,大兴绿洲农机店
246449,202109,844882553,车猫智能洗车机设备
297870,202109,442034744, 大兴绿洲农机店
247462,202109,2208006247125,宝肌植旗舰店
254132,202109,2207938946641, 陋庸珠宝
237161,202109,4270324385,态乐美旗舰店
116686,202107,754804252,苏富贵's 福禄铺
316216,202109,2210440886041,淘宝好学官方旗舰店
224997,202109,18351985, 绵绵冰粉直销店
202354,202109,378818524, 怡锦缘珠宝定制
210008,202109,3171968250,拾花摄婚纱摄影会馆
122319,202107,1057276449,金利源官方企业店
163442,202107,3125736082,瑾愿珠宝旗舰店
285011,202109,2822974256, 龙泉市金余刀剑总店
463499,202106,3171968250,拾花摄婚纱摄影会馆
177973,202109,3623716591, 音乐家
184562,202109,2222797685,忆器官方店
238355,202109,673262018,露西奇旗舰店
132399,202107,3171968250,拾花摄婚纱摄影会馆
218765,202109,1815430701, 瑞源永兴
177509,202109,3245804600,联通时代九天通信专卖店
331324,202109,87127569, 三秋远の杂货铺
274294,202109,2420037656, 佳豪汇改装
337975,202109,2624818836, 春花中古屋
327789,202109,2238018216, 茗阁手作
286645,202109,1605937196,神话网游
216637,202109,4231825632, 新视界数码投影
266351,202109,927786000,猫小兜深圳官方店
253979,202109,47531095, 才辰点卡小店
637022,202108,78046583, [极致下料]软件
200304,202109,1117266836, 番茄的手作铺子
220821,202109,1019550954,[Gracegoodbuy]海淘店
198809,202109,82331027, 西安动漫实体店 @那人
242603,202109,2087689117,贝尔杜克斯乐器专营店
321665,202109,2086881171,诺语千寻旗舰店
141534,202107,2463038897,沈机中捷
316284,202109,3010361093, 『Natsu』夏声
506265,202108,2463038897,汉德默智能机床
350657,202106,78046583,[极致下料]软件
191953,202109,2463038897,汉德默智能机床
222465,202109,2675511626, Mabel's梅宝家
298542,202109,58276907, 青森商店
73447,202107,2090664088,苏州志道数控机床
300996,202109,909497577, 程力专用车汽车直销
500693,202108,47531095, 新百伦直播店
294004,202109,100214319,七彩云南珠宝旗舰店
326259,202109,165229494,老板官方旗舰店
281136,202109,755880593,沈机中捷数控机床公司
328200,202109,415713533, 果果の特产小铺
296376,202109,463108885,精工智造
207082,202109,3037637670,蓝禹水族旗舰店
218363,202109,3978778842,soso家皇冠店
340194,202106,683047361,一缪智能机床
32945,202107,2453877986,学爸Topdaddy官方品牌店
280397,202109,78990978, MOFUMOFU手作
322765,202109,59994561,岽兴单丛茶 核心产区茶园
182051,202109,2208072958617,恒生春堂
318124,202109,175364514, 逗逗玩具礼品店
207739,202109,2207939979466, 妈妈的樱桃园
210224,202109,2224552772,天使宝贝1号
272368,202109,2206545932774,彩聚通华母婴专营店
180884,202109,2639383887,曲阳县万美园林有限公司
273125,202109,2209866872881,Hi这里是大果子家
293518,202109,2388487847, 深山青梅
183415,202109,282288711, 冀南龙猫用品店
269238,202109,3189404149,嘉然商贸台钳工具店
245048,202109,1708384427,ito旗舰店
322526,202109,51352180, YURUUI
249089,202109,25130821, 囍旧珠宝TouchPast Je
227346,202109,1963564348,聚檀阁旗舰店
239854,202109,2200803173117, 是只小豹莓美妆铺
245766,202109,1839236178, 翰林文献
182698,202109,1085714517, 葡橘萌宠小铺
388687,202106,573906576,华美电器直营店
292045,202109,2207388284793,asnami旗舰店
242425,202109,2209112950384,康巴赫黎羽专卖店
294060,202109,21596638, 风铃花园
325050,202109,811095306,新力士旗舰店
278315,202109,40288746, ebi法国代购
194820,202109,756837681,千泉食品专营店
324444,202109,2874645228,庄臣官方旗舰店
198471,202109,2200612327757,西丝达旗舰店
231824,202109,1909121883,史可威旗舰店
159654,202108,3230602872,远东医疗服务旗舰店
305426,202109,1097199318,栖木旗舰店
169288,202106,3230602872,远东医疗服务旗舰店
162250,202107,3230602872,远东医疗服务旗舰店
324369,202109,2040140588,观因缘旗舰店
231453,202109,3230602872,远东医疗服务旗舰店
214898,202109,2502878086,艺达利旗舰店
410593,202106,3876294595,打包机械制造厂家直销
627996,202108,22006142,慕适家具制造厂
93598,202107,2033752385,浩翰水泵风机电机
16346,202107,2061239010,正方水泵风机
317915,202109,1098894730, d[s112928684]
484169,202106,791303252,济南驰鑫重卡天然气配
482899,202106,520003780,精美箱包皮具店
269041,202109,502583797, 华中精密仪器仪表店
486927,202106,3077579808,中拳王工厂官方店
329649,202109,685563493,全友家居官方旗舰店
622644,202108,4076677113,乔耐克斯特DYF016
550836,202108,840057916, 制服厂家直销
457706,202106,224778897,u[224778897]
558772,202108,4108405465,鲁班百货店
339641,202106,3857606302,复印机打印机批发
470352,202106,2033752385,浩翰水泵风机电机
431924,202106,835876582,依利富达
451287,202106,483390078,博鑫摩配
225353,202109,880574132,简之乐企业店
73182,202107,102180221,成科光伏店
382441,202106,141110524,喜乐庆创意庆典
285905,202109,2206664080624,wj工厂五金百货
36177,202107,787469012,后祈之秀
385357,202106,787469012,后祈之秀
483622,202106,102180221,成科光伏店
29790,202107,363306256,蔓之研正品实体店
70095,202107,831002291,d[s70568845]
32770,202107,2571413358,管乐网上直销部
203168,202109,102180221, 成科光伏店
588540,202108,880574132,简之乐企业店
405074,202106,115664341,爱然永不自爆淋浴房
382504,202106,4260244021,海内外品牌连锁坊
109530,202107,840057916,制服厂家直销
8360,202107,115664341,爱然永不自爆淋浴房
327164,202109,603282456, d[s63749696]
186251,202109,262245906, 玉春木业
618185,202108,503396792, 博宏电气商城
477571,202106,3026795919,铭浩石膏模具厂
497192,202106,758609464,d[s72817202]
544828,202108,901674411,上海洛林办公家具
258022,202109,1670832109, 尚品家具厂家直销
12002,202107,901674411,上海洛林办公家具
631527,202108,2201639458494,豪多科技有限公司
434666,202106,2201639458494,豪多科技有限公司
65778,202107,2201639458494,豪多科技有限公司
547658,202108,102180221, 成科光伏店
89589,202107,2286629631,小庆精品百货
134772,202107,603282456,d[s63749696]
424333,202106,603282456,d[s63749696]
522948,202108,603282456, d[s63749696]
606058,202108,2624211259, 香泽珠宝
58223,202107,2880283962,思妮理容
428533,202106,2880283962,思妮理容
485352,202106,738316994,华维国创厂家直销
211253,202109,648629218, MGD潮流女装
192485,202109,378537552,雅莹旗舰店
219318,202109,49117366, 思思奢侈品箱包代购
564451,202108,738316994, 华维国创厂家直销
477185,202106,304170785,钱塘3012阿丰达精品男
270750,202109,10246737, 玩聚馆 Toys Party
594496,202108,466050182,EXDOLL仿真人偶企业官方店
316638,202109,3174758061,战地精英迷彩品牌店
477774,202106,1859331596,创美科技6D高端接发批
334034,202109,387542955,喜临门官方旗舰店
231043,202109,572774264, 新杭派外12
621980,202108,2200792618844,无极限草本折扣销售店
173923,202106,2137960064,源梦家具旗舰店
204709,202109,2208943417707,茅台晟藏老酒专卖店
243001,202109,1114840673, d[s101738146]
123774,202107,696657753,创彩数码
422886,202106,2206516927779,东莞市天茗茶业
613559,202108,3336472961,爱华尚珠宝官方店
55305,202107,466050182,EXDOLL仿真人偶企业官方店
140125,202107,520003780,精美箱包皮具店
67834,202107,2200637020127,名流休闲时尚
217613,202109,655052811, 北京华维国创smt设备
50979,202107,2791333698,电吉他总汇
120785,202107,2200792618844,无极限草本折扣销售店
550008,202108,2286629631, 小庆精品百货
602706,202108,856821246, 越发吊粒
146815,202107,97500370,苍山狼精品男装
633960,202108,97500370, 苍山狼精品男装
266378,202109,97500370, 苍山狼精品男装
560902,202108,116297440, 沐语轩阁佛缘
60319,202107,116297440,沐语轩阁佛缘
25363,202107,2937247345,立诺公共空间
524911,202108,304170785, 钱塘3012阿丰达精品男
598078,202108,660052217, 樟树港辣椒直销
628547,202108,2061239010, 正方水泵风机
84161,202107,304170785,钱塘3012阿丰达精品男
557730,202108,25090475, Aimee Baby 品质童品
69546,202107,25090475,Aimee Baby 品质童品
628070,202108,1779800588, 小叮当报平安签到
377450,202106,1779800588,小叮当报平安签到
158110,202108,754392670,细致旗舰店
109638,202107,726810972,经纬激光官方店
204081,202109,856821246, 越发吊粒
355507,202106,2877804366,和式家居生活椅
432269,202106,1868162021,老家果园直销
427406,202106,856821246,越发吊粒
136349,202107,856821246,越发吊粒
411342,202106,116297440,沐语轩阁佛缘
423113,202106,2937247345,立诺公共空间
307990,202109,840057916, 制服厂家直销
365553,202106,503396792,博宏电气商城
303909,202109,304170785, 钱塘3012阿丰达精品男
202453,202109,658298344, 十周年庆福利购
166303,202107,2248277862,欧裳雅旗舰店
432188,202106,434273,扬州漆器厂家直销17年
169931,202106,3545736079,劲绍旗舰店
292029,202109,2206918125868, 金凯莱床垫实价店
113507,202107,1873807113,仙姿少女美妆
298100,202109,503396792, 博宏电气商城
250847,202109,911757567,天士力大药房旗舰店
23572,202107,4028328930,海容堂官方企业店
552012,202108,4028328930,海容堂官方企业店
214274,202109,695998399, 俊娇小店
615215,202108,931723822, 荆州叶氏锅盔炉子
383945,202106,475562086,生香记官方企业店
179721,202109,363549848,允典旗舰店
374661,202106,363306256,蔓之研正品实体店
479390,202106,158297118,LEEPOP
134740,202107,158297118,LEEPOP
100495,202107,503396792,博宏电气商城
273938,202109,754392670,细致旗舰店
308249,202109,876018327, 北京京宏达货架
513193,202108,1776742799, 森耐美厂家直销店
346457,202106,1776742799,森耐美厂家直销店
132189,202107,1776742799,森耐美厂家直销店
125313,202107,72588749,三玄问神古今旺运
597174,202108,72588749, 三玄问神古今旺运
492682,202106,72588749,三玄问神古今旺运
526058,202108,695998399, 俊娇小店
144902,202107,695998399,俊娇小店
17856,202107,434273,扬州漆器厂家直销17年
206256,202109,2145374869, 工控折扣销售
207722,202109,2207756504552,恒旺集团工程机械店
463683,202106,131881282,徐州天骄家居
175935,202109,11915688, 电商B303(原1117)
173978,202109,112696662, 上海奕宇衡器直销店
161565,202107,1665919379,馨艺福瑞旗舰店
354786,202106,2791333698,电吉他总汇
511893,202108,923607929, 星城鸽市2
206724,202109,1088082653,蒙娜丽莎工厂品牌店
383856,202106,2206577869365,卫厚母婴用品
484842,202106,1059271990,恋上你的壳
193282,202109,126025521, 鹏程船舶通讯电子设备
403423,202106,53999798,GISOOL
456569,202106,129391874,泉旺国际
12838,202107,880670816,德红翡翠珠宝
433916,202106,466050182,EXDOLL仿真人偶企业官方店
449287,202106,2874573063,鑫崛起家具严选
612427,202108,1658334921, 精品工坊 工厂店
4405,202107,53999798,GISOOL
503821,202108,53999798,GISOOL
653561,202108,863198694,鑫卓五金
144489,202107,3071936599,迈烁科技
181679,202109,53999798,GISOOL
316750,202109,2137960064,源梦家具旗舰店
54837,202107,2200790052162,远重企业官方店
66829,202107,55705628,杰众正品进口数控刀具
423999,202106,55705628,杰众正品进口数控刀具
226559,202109,55705628, 杰众正品进口数控刀具
575729,202108,434273, 扬州漆器厂家直销17年
358037,202106,2904568983,臻瑅芳香
108956,202107,1750982428,美阳手套厂
121651,202107,2904568983,臻瑅芳香
615656,202108,1761679366, 宝宝鞋工厂直销店
24725,202107,1761679366,宝宝鞋工厂直销店
442953,202106,10764692,锐动体育-拥抱健康 拥
99075,202107,47531095,新百伦直播店
371439,202106,577543419,金瑞利家居
115991,202107,131881282,徐州天骄家居
534686,202108,850678780, 山东琳赛健身器材厂家
259606,202109,850678780, 山东琳赛健身器材厂家
508941,202108,831002291, ManDi曼的婚纱礼服
196099,202109,2207524158979, 领雕数控工厂店
581240,202108,55705628, 杰众正品进口数控刀具
296525,202109,33249579, 鸿运达电梯配件
505876,202108,2145374869, 工控折扣销售
127652,202107,4014436410,树人游乐
608472,202108,10764692, 锐动体育-拥抱健康 拥
7786,202107,10764692,锐动体育-拥抱健康 拥
335151,202109,2209224152896,氢力泉旗舰店
215813,202109,2016979594, 视宇视觉
550799,202108,758609464, d[s72817202]
39388,202107,758609464,d[s72817202]
261714,202109,666167230, 市井百样
598532,202108,666167230, 市井百样
201332,202109,2364433096,佳园装潢官方店
493980,202106,1750982428,美阳手套厂
174160,202106,2200624240803,mexda万事达卫浴旗舰店
45466,202107,1809481679,赫玛士顿家具
599484,202108,4041602841, 振林果园直销店
291821,202109,2206678064571,诺尔逊官方企业店
516957,202108,859910669, 厂家直销男鞋馆
159283,202107,2200624240803,mexda万事达卫浴旗舰店
368763,202106,3502007438,英国跨境官营直销店
126241,202107,738316994,华维国创厂家直销
515635,202108,1837465723, 萌哒哒暖宝厂家直销
553743,202108,1968391380, 深圳虹泰电子厂家直销
341456,202109,859910669, 厂家直销男鞋馆
194946,202109,2944500235,中粮名庄荟酒类旗舰店
307817,202109,2200624240803,mexda万事达卫浴旗舰店
173860,202106,2918074958,葆斯兰旗舰店
228204,202109,2918074958,葆斯兰旗舰店
223871,202109,2206697072967,桃鸯旗舰店
261898,202109,2928573988,奥狮蒂菲旗舰店
246991,202109,2206638712145,亦澈旗舰店
192772,202109,4039626570,艾丝洺旗舰店
242474,202109,3545736079,劲绍旗舰店
172684,202109,2206884429243,绣榆枝旗舰店
295797,202109,3043432863,韩莱路旗舰店
299912,202109,2234101828,吉士先登旗舰店
215542,202109,1922834717,漫蝶莱秀旗舰店
338539,202109,3952427561,型麦旗舰店
261370,202109,2207248309828,帝戈登旗舰店
182027,202109,2207815419862,安居佳日用百货
271346,202109,1773026003, 蜗牛的杂货铺
329834,202109,687883218, 精彩商贸
314942,202109,876677292, d[s101150721]
310323,202109,2211467311226,康悦博健旗舰店
181235,202109,1970809191,兆德家居专营店
217775,202109,129152899, __野菊
231034,202109,556662151, 可可手帐 全店满六件
232756,202109,2103142084, 唐汇珠宝
335193,202109,2512008312, 奇奇花园梦工艺品
254229,202109,54285633, 不羡仙乡 蒙阿原创古
279879,202109,4028791027, 熊熊珠宝水晶
250197,202109,196673036,百寻珠宝工厂店
275458,202109,515202932, 六哥的多肉
186015,202109,2574446690, 容嬷嬷珠宝二店
245137,202109,24345094, 周转金业
323631,202109,322841403, 雅作珊瑚玉工厂店
191315,202109,3307461893,佳佳翡翠旗舰店
308825,202109,2839874970, 飘品翡翠珠宝2店
300996,202109,909497577, 程力专用车汽车直销
188045,202109,365237839, 茜茜珠宝全球严选
335852,202109,2932525252, 几何古玩
214898,202109,2502878086,艺达利旗舰店
239691,202109,2676151699, 万金机械厂
224692,202109,739784792, 一分钱壁纸工作室
331938,202109,63522905, 九露珍珠
231667,202109,32514379, Hottoys玩具本家
239581,202109,821393910, 安安苏 专注精品珊瑚
177692,202109,2265655538, 石力派包龙星
328436,202109,4290508175,益顺康医疗公司
215199,202109,3687798102,利伯蒂旗舰店
281887,202109,855094326, 文萱园艺精品仙人球
292793,202109,2211995133448,晶草旗舰店
176992,202109,290403136,文悟旗舰店
200458,202109,608861878, 千鹤家
318124,202109,175364514, 逗逗玩具礼品店
5793,202107,201307283,康之源参茸行
209723,202109,403216382, 程智珠宝
250599,202109,870952995, 广州数码折扣店
227974,202109,738192859, 玉京楼
211048,202109,810369657, EEEZZZ
271488,202109,2648620207, 成成是小骨高级定制
301993,202109,48987019, 动物星球
232331,202109,2482874617, 赤诚晶石
322526,202109,51352180, YURUUI
269238,202109,3189404149,嘉然商贸台钳工具店
328015,202109,2281042457, 元神天师
281931,202109,2206501164850,千泉鑫福美专卖店
336685,202109,184265597, 麦爹手账工作室
315158,202109,89685738, 小蜜蜂和她的姐妹们 1
332229,202109,1860069006, 馨艺园林
309617,202109,380452340, 快乐植物HappyPlants
180884,202109,2639383887,曲阳县万美园林有限公司
296130,202109,4233129522,洞子沟珠宝旗舰店
239854,202109,2200803173117, 是只小豹莓美妆铺
228345,202109,2664485797, 路过看看叉车
226315,202109,49808114, 雪代樱潮品 只售正品
231287,202109,639432920, 滢滢全球站
196226,202109,1024347564, Isil kaluva tielyann
191305,202109,3291292290, 花匠赵大发
327685,202109,1932625384, 超忆卡牌工作室
202354,202109,378818524, 怡锦缘珠宝定制
194820,202109,756837681,千泉食品专营店
261906,202109,2932108255, 涵迪奢品站
198471,202109,2200612327757,西丝达旗舰店
198842,202109,836552776, 開囍中古店
32137,202107,3642211293,佳得乐优品
256425,202109,2208637468221, 伦巴第亚vintage欧洲
285011,202109,2822974256, 龙泉市金余刀剑总店
280397,202109,78990978, MOFUMOFU手作
280418,202109,796702209, 艾蜜罗琥珀
291776,202109,2206454803082, 天然紫晶洞实体批发
324693,202109,2941289717, 安柏尔俄罗斯琥珀油画
269279,202109,324712024, 憶时光多肉坊
327789,202109,2238018216, 茗阁手作
197163,202109,54655232,明泽数卡
175623,202109,2762488808, 韵藏珠宝
215545,202109,1926034162, 月嫦珠宝
228617,202109,274835201, 正天堂崖柏
290332,202109,2051023676, 半晶八两
613212,202108,2862908508, 大众塑业
251342,202109,1061421066, 冰川森岛
222465,202109,2675511626, Mabel's梅宝家
309253,202109,1089946742, 昭君金铺
316908,202109,894876323, 柏达电子商行
266929,202109,196354177, 翀玉和田玉2号店
610255,202108,223644590,美迪数码评测
307098,202109,1637884638,上海奇点社保
307725,202109,382401712, 亚鑫机床配件
284581,202109,3965668880, 中村姐姐在日本
200304,202109,1117266836, 番茄的手作铺子
240343,202109,2206578642767, 表哥家高端定制首饰2
209472,202109,3951047054, 零一抚顺琥珀
340965,202109,784549415, 中矿翡翠
205298,202109,4200875543, 石力派翡翠8号
249944,202109,191040401, 密藏阁西藏天珠
240011,202109,4019491587,荣升女装一海外正品代购
326684,202109,48669032, SUPER特供模玩
287631,202109,2426038450, 比比奇变形模玩
207739,202109,2207939979466, 妈妈的樱桃园
84625,202107,3063656786,钉钉国际集运中心
184801,202109,2271164422, 双笙梦屿lolita原创设
323642,202109,32397648, LGG陆哥哥小金铺
274409,202109,3987870048, 滇缅宝阁
183376,202109,786757174,西大农资
224429,202109,3346249485, 气力制作所
224009,202109,68769880,腾飞翡翠定制1号店
198578,202109,4108121946, 空白与星星
237255,202109,11247761, 桃兔兔手账杂物部
218363,202109,3978778842,soso家皇冠店
215977,202109,906557512, 彩虹珊瑚玉
293518,202109,2388487847, 深山青梅
256677,202109,2210321476, ninth online store
280663,202109,828045438,缅甸琥珀夜魅阁
320208,202109,306694329, 永乐手游网店
219750,202109,2711130967, 嘿逗娃娃屋
324444,202109,2874645228,庄臣官方旗舰店
248803,202109,2425144792,兰馨石韵
313591,202109,2468358613, 咬一口云朵 满20发货
271003,202109,2558589647,花岛美梦
310081,202109,2209347740003,新欣美包
321445,202109,2686657163,古珠王朝
80426,202107,2697995941,墨黎设计
281332,202109,654383050, 吕小丹珠宝
219872,202109,819625149, 阿零的杂货铺x手帐周
324438,202109,2870282589,威哥珍珠配件批发一站式采购
317276,202109,3392990013, 青蓝の自制卡小屋
290943,202109,4211868486, 臻选彩宝
210479,202109,425049087, 畅享动漫卡通
287163,202109,2212130181712,包子机饺子机厂家批发基地的小店
220297,202109,31695182, 乘风珀浪翡你莫属珠宝
274744,202109,409600715, 大昱儿日本直送
207059,202109,3012853989, 吉金佳懿
225395,202109,908798994, 簪花令 原创手作古风
202717,202109,897088782, 一树千染
270285,202109,89402668, 伽马星球爬行馆
327146,202109,58529641,花匠小树皮的店
179555,202109,811352138, 昭华星辰动漫店
335397,202109,2211316711244,和计划心理师学院
335705,202109,498645567,婧茹旗舰店
263724,202109,58692740, 临时cafe
293720,202109,673661786, 梨花酿造
328200,202109,415713533, 果果の特产小铺
196668,202109,354014332, 稻草花边 仅此一家
259448,202109,83635870, 大象爱跳舞 时尚纱布
313218,202109,666160115, 火锅羊卡牌
177713,202109,2955788191,万门教育旗舰店
183166,202109,127038392, 汉仪古苑
328525,202109,2200636450995,晶石写意旗舰店
324510,202109,3398240366, 桃子姐日本淘2号店
200851,202109,3064284406,猪八戒国际集运
324881,202109,2200561999645, 石力派壹块玉
175415,202109,2733653628, 阿拉蕾淘卡社
187837,202109,360170983, 露娜的奇妙之旅
4610,202107,3980116152,咕泡学院
243793,202109,2201443279046,立刻说英语
326716,202109,1723096921, 玲珑阁舒俱来
213612,202109,3031418743,青亭兰园
291728,202109,15729274, 老兵旧藏古珠 西藏天
324981,202109,359841288,霓的diy
200668,202109,644038804, 舒服肆SoftShop
273125,202109,2209866872881,Hi这里是大果子家
233988,202109,887451981, Fe!
298164,202109,116234460, 巴院长连锁机构
329058,202109,2971665155, ChirpsFlocky啾兽社
301352,202109,4093145313, Catei Karrin折扣店
331353,202109,200656525, DF-H 玩偶家族殿堂
335890,202109,506104746, 星卡小宇宙
286100,202109,466552298, 大龙优选一号店
205555,202109,481778004, d[s62563601]
182600,202109,3350699169, 花千朵珊瑚玉
291837,202109,270115059, Vintage怪兽张古董首
188271,202109,2369462915, 老易钢琴乐器工厂基地
315344,202109,4070361481,鸿诺珠宝旗舰店
185682,202109,884841002, 棠公馆
314885,202109,3942850672, 石力派翡翠7号
327184,202109,62190679, 冰火璆琳手工玻璃艺术
330781,202109,36160539,抹谷之星
261000,202109,4035578633, 建力电商汇
214010,202109,66534268,miracledoll
183415,202109,282288711, 冀南龙猫用品店
329621,202109,67296193, 辰豪珠宝
323085,202109,2210827562, 罗宸饰品结账直播间
329465,202109,16181709, 天麒珠宝
299156,202109,2207911302742, 缅甸优选1店
309277,202109,110414135, 月牙桥
188272,202109,2369533864, 老易钢琴乐器联盟
292961,202109,1865829507,石力派宝石定制
187270,202109,2207866802963,灏智教育
219442,202109,219362672, 活佛阁 30年实体老店
245766,202109,1839236178, 翰林文献
33384,202107,2200692280469,夏日之阳的正版店铺 半夏考研
316284,202109,3010361093, 『Natsu』夏声
191834,202109,85708527, 仕玉轩翡翠
274742,202109,409198420, Lucky文具铺
288556,202109,203542780,玺瑞珠宝企业店 媛燕水晶屋 玺瑞碧玺专场 东海水晶批发总店
286645,202109,1605937196,神话网游
293987,202109,94841730, 牛老大客服
262820,202109,2364206959, 燎原卡牌
271467,202109,262990799, KING STAR花切纸牌 上
217339,202109,590802243, Zooooo手帐文具铺
283989,202109,1945075013, 雅作珊瑚玉
297419,202109,2805212913, AA北欧进口皮草汇 平
300727,202109,862208777, 金陵贾氏 手工珠宝坊
266159,202109,176629504, 洁睿肉多
330542,202109,353139630, 伊秀珠宝
281370,202109,781650700, 东栏梨花手工坊 古典
551247,202108,2783046939,童贝体康研究院
313030,202109,1656030799, QI琪 古董老银饰品总
240120,202109,2206344213478, 旺嘉莱水晶
221131,202109,2209091779577, 悟菲禅心
331324,202109,87127569, 三秋远の杂货铺
316216,202109,2210440886041,淘宝好学官方旗舰店
607720,202108,2357097567, 半岛绳业
95344,202107,2704010615,极速焊接
205086,202109,4135487428, FreezeCrew冷厂
606761,202108,3342083322, 东城机电工具
511463,202108,2243955186, 深圳市泓芯电子
316407,202109,1579414459,妆奁向闻古典珠宝设计
332312,202109,2743825948, 新格货柜
510764,202108,381481244, 花生大福
524360,202108,1711741095, 江苏力宇索具
556565,202108,2858396902, 华南木工机械
213993,202109,320903347,际华3543企业店
286344,202109,840613114, 神奇大白动漫店
197917,202109,685793803, 香港IT品牌折扣
57888,202107,755636577,紫灵翠玉
19495,202107,2206477585205,秋梨膏外设店
11161,202107,60430687,小迷珠宝设计工作室
293890,202109,2861496996,u[2861496996]
42402,202107,678711305,香港正品乐高玩具大王
570836,202108,68762465, ATI仪器仪表
69866,202107,730684328,杰威数码科技
107175,202107,4116236140,反窃听反偷拍反GPS专家
200172,202109,2943555627, Kendall Online Shop
270392,202109,2579402339, 玩藏工场
515119,202108,391476947, JT美妆小铺
538483,202108,103330864, SUN服务器国外渠道
521134,202108,656970191, 神东珠宝
24067,202107,2202543768965,鑫丰仪器厂
146654,202107,2139863537,艾利克俄罗斯海参
512688,202108,128631161, Grizzly Vintage
584973,202108,140559407,小美in日本
299979,202109,3541648668,河北欧陆机械设备有限公司
311109,202109,2907136242,华伦天奴奥兰迪品牌店
527174,202108,321310319, 上海杰电贸易
14104,202107,2206874722092,桃子姐日本淘3号店之
500972,202108,4117092687, 古福轩红木家具
232852,202109,2625547864, 风腾广告展示器材厂
310879,202109,2875811218, 云集臻品
570032,202108,43566029,Elpress L 原创Lolita洋装
177463,202109,31767406, 海豚小店
627843,202108,2202802015543,贝尔顿液压工具
45221,202107,37629893,chimeratool 奇美拉
201796,202109,2493918749, 千一机械
323971,202109,735814102, 丰源体育
148266,202107,577860484,玉之圆
268959,202109,2213816982, 一屋家装建材商城
208048,202109,33578832,TOP束胸
566823,202108,2537277518, 月野HOUSE
253293,202109,40984788, d[s33728076]
138110,202107,1116332051,天伦山崎机电
300196,202109,3613706605, d[s597280409]
75675,202107,59764219,青岛抛丸机直销处
34067,202107,22530847,吉米林森
189635,202109,2177388508,酒水一家亲yes
125697,202107,1026517375,小蜜蜂日本代购直邮全世界
556572,202108,2837198328,前店后厂珠宝
586679,202108,2206599492538, 鸿胜输送链条全套配件
73241,202107,898954518,大屋粘土人定制
189265,202109,377579782, 叭哒不惑的珠宝店
202339,202109,373715925, 安东机电科技
642575,202108,870344402, 欧瑞佳科技
115444,202107,1050323168,花神的祈愿
575957,202108,441622160, 事农小方店铺
201000,202109,160468278, 鑫能达仪器仪表店
569509,202108,2200578922592, 彼日模型玩具
43960,202107,85338377,黑白第一室
149785,202107,150828578,金金韩代小潮铺
65216,202107,814638274,上海仙岭高尔夫TD品牌
77310,202107,133727433,METALFISH酷鱼形象店
321846,202109,923302069, d[s72829128]
43452,202107,675101911,泰阳电子 松下富士SMT
50878,202107,337162429,盼盼智能晾晒运营中心
22607,202107,790019411,上海境泉五金
206449,202109,1030652141, 宝应县远东电器设备厂
12126,202107,3315870977,聚创条码
600325,202108,2887120285, 肥宅布丁
608885,202108,78864502, 益邦家居清洁
543634,202108,32207796, 闻香识喵
206009,202109,574218057, 特微智能
492798,202108,2207614646490,安卉企业店
53438,202107,3013251660,栗子酱的手账店
43400,202107,1879512188,天机传动科技
529843,202108,645050838, 明媚珠宝翡翠
202459,202109,66279922, tim music
541743,202108,3317693357, 优点科技工厂店
65086,202107,2530774943,云亿昇科技
147148,202107,1863549668,盛世传奇钟表店
1038,202107,781396616,华硕正品商城
630263,202108,376948461, 宝岛眼镜88
38088,202107,3369200086,SecretGallery秘密陈
54737,202107,2200723864737,东莞市连隆光电技术有限公司
63725,202107,3692757465,自贡市新纪元恐龙工厂
244730,202109,3245033746, 巧家防辐射材料生产工
184177,202109,692393162, 越森红木家具
273491,202109,714753503, 兴旺网上商城
59176,202107,49630603,盛卡汽保工厂店
59922,202107,2208843480498,丹中百货店
96948,202107,885359907,上海三林喷涂设备
335663,202109,445577008, 佳禾气动液压批发
534571,202108,378536623, 涵涵幼儿园玩具店
218421,202109,657514586, mumu叔
107676,202107,1102779648,奶油化妆品批发
518855,202108,558059530, 非常映像铂锐产品基地
600469,202108,122539928, 天恒童车玩具商城
317331,202109,4096038890, 北岛雕塑
504775,202108,3044142149,电子礼炮生产厂家
645578,202108,3082826322, 科威机械制造厂
149941,202107,2899032646,圆圆妈咪海淘小铺
87994,202107,364430035,张家港市贝隆机械
558549,202108,2200695893028,华美光电深圳店
81714,202107,2944354335,身份读卡器批发商城
119469,202107,2990192646,泰州瑞拓机械专业制造
336929,202109,1907195575, 德州豪鲁帮厂内直销店
560797,202108,1735115340, 冉腾玻璃磨具
524167,202108,3216843579, 得力鸿发文具
331773,202109,2241225360, 嘉信采暖商城
106465,202107,756646345,琪琪园林喷灌
499280,202108,821687472,pretty girl高端饰品
4710,202107,4095808546,航空插头插座
144683,202107,198184265,Slim Saxy Safe Success
100011,202107,3099957000,安徽百世刷业有限公司
595242,202108,3841226671, 专柜品牌8
563835,202108,356768846, Ai Star钻石翡翠首饰
3888,202107,1107268312,欣触诚信店
268584,202109,607087546,威姿娜家纺
331865,202109,26119767, 新东阳暖业
568863,202108,2232267722, 恒阳教学装备直营
207103,202109,557049305, HRMR轻奢 2号店
99199,202107,838287789,COCO皮草 COCOStudio
1140,202107,661289168,一心斋佛具
54358,202107,398617176,小燕数码模型
209673,202109,2778265226, 通信天线 射频线 无线
121561,202107,15003840,agnes的小小杂货铺
138576,202107,53907835,MASON Lab
648901,202108,1814054434, 东京探险队
497923,202108,640128609, 贝乐宠物生活用品店
51026,202107,3368483030,MOOTO中国官店
273663,202109,3605852493, 悟空专属神裤店
80578,202107,1855231641,派克卫浴2
49641,202107,2580993532,Egoistの魔法屋
599329,202108,1056402619, 米米饰言宝庆店
103439,202107,1119754156,潮牌衣柜工厂店
517847,202108,51841524, 1517模玩
307380,202109,2540816257, 啊jio西随便店
275322,202109,1765655967, 佳人皮草工厂店
65849,202107,3857114115,广州尚品电子有限公司
49856,202107,197476819,华印财会用品厂
111925,202107,2544176954,电器直销网店
496216,202108,2891393487,上海优雅高端家具定制
145389,202107,69804543,宇研电工电气商城
94964,202107,2389785133,龙泰激光上乘店
130505,202107,761288427,北雪东北山货庄
559057,202108,1045323955, 众森纸袋盒
104520,202107,3533370007,宏壹五金工具店
560668,202108,45919451, LUC家 法国直邮
352,202107,2201718977884,济南纬利环保
572353,202108,2260074206, 小电驴智选店
128365,202107,1685488949,hooyo皓悦沙发工厂店
5060,202107,397874699,天津传美画业
285719,202109,2955697268, 水泵直供
145710,202107,4218871080,孙家小五企业店
187307,202109,3363146495,紫娇服饰
104674,202107,2200742706138,之缘佛教工厂店
140834,202107,2206433973309,u[2206433973309]
257160,202109,2241553596, 三顺电动工具
47471,202107,663821280,Record Yourself
126202,202107,388725595,正信电子科技
621312,202108,2044949394, 惠超劳保
80671,202107,472596322,莎莎的藏宝海湾
245782,202109,1860659233, 渔乐视户外运动渔具
76835,202107,822614907,正品代理店
260098,202109,925384768,桃之妖妖の成人用品店
559993,202108,2201813013652, 晶屋藏娇
270960,202109,1689945709,好莱客官方旗舰店
29312,202107,2550115305,古荣号企业店
52260,202107,2215227536,天虹塑料配件
530234,202108,3942499221, 美丽誓颜
110190,202107,677842333,温州涵彩包装
544339,202108,2410499623, 海宁加浩橡胶密封件
45237,202107,345945872,呼叫中心及电话营销上
208481,202109,3477861149, 浙江森祥校园家具工厂
292493,202109,2208566431337,广东全安电子
130950,202107,735571556,翠缘阁
642430,202108,380333900, 广州卓技自动化
37804,202107,180477987,安轮caster
552774,202108,69746353,TRACY CHU
507299,202108,75276788, 小城故事家纺
265524,202109,2456824820, TE MOLEX 原装正品店
191739,202109,2441176971,博洛尼装饰旗舰店
3109,202107,2283483238,永德祥1号店
637199,202108,435383634, 宇鸿通风设备
204092,202109,86241787, HIROMI Boutique
53741,202107,1956904563,singkiss圣骑士自营店
331930,202109,628227534,中力叉车指定销售店
587429,202108,1729413902, 致联信息服务
74384,202107,3371517935,揭阳兄弟开锁 配钥匙
646262,202108,740957602, 精欧户外乐从店
107239,202107,13687960,疙瘩汤摄影小铺
612658,202108,2460009433, 王国的LADY哲学
302302,202109,795506359, 正品代购小馆
561754,202108,1664064256, 义云相框机械配件
549488,202108,3028806713, 义乌市暖尔美陈
650881,202108,924655631, 精品网络设备店
221221,202109,2841841850,爱思美企业店
73425,202107,731352580,无锡骏马气动
248380,202109,2670771506,百安居旗舰店
38351,202107,245400903,小徐苹果直销店
100314,202107,721164861,静夏聚美小世界
203789,202109,2835171245,南熙数码
17342,202107,1639891418,联想拯救者游戏本精选
121402,202107,376959604,镭鑫烛业
317161,202109,1016333744,武汉中勒电器有限公司
14544,202107,2124298478,新彩制袋
546863,202108,2579314238,深圳市同创兴科电子
261515,202109,1593857496, 爵质机械工厂店
552689,202108,680150656, 北京辉煌旗帜厂
648917,202108,1752774979,风水罗盘易学书籍用品
126358,202107,3303890553,月销量1998件
36625,202107,871645167,金悦容珠宝
102196,202107,1110567452,广东中辰臭氧
132291,202107,2682920850,敏敏摄影器材城
629437,202108,2802642974, 今生缘常回头
151633,202107,656890034,贝弗龙绝缘材料
131472,202107,3801719385,新岁耗材铺
603858,202108,926796415, d[u926796415]
260920,202109,2734683972, 林林阿妹
237579,202109,3021486715, 锦运五金经营部
241352,202109,1960602389,贵州茅台镇酱香酒直营
512912,202108,366890758, 大乙户外运动城
594140,202108,2934335581,阳羊羊私房烘焙
180731,202109,4083799631,北疆涂料旗舰店
136121,202107,88153442,爱艺提琴
337297,202109,3358500232, 忠雲床具设备机械厂
578567,202108,2738699879, 存储特价购
609822,202108,899722407, LAKE 人形工作室
622222,202108,179120913, LALUNESEA月亮是海轻
513814,202108,786345091, 远东电缆苏州办事处
503052,202108,2629852439, 森森美妆1号店
334574,202109,121356700, 嘟小姐原创皮草
503316,202108,782119625, 广州博锐电子
73054,202107,3357608751,企业入驻
261215,202109,4215899306, 小乐仪器
632474,202108,2095177520, 惠普五年批发老店
30639,202107,2494757990,玉天城
94422,202107,796497690,曲美家居企业店
73357,202107,1044119457,桔木良品
572772,202108,23175516, 东莞方和电子
211500,202109,679104665, 不要玩鞋線上商店
304498,202109,1593091332, 盖世太保cd
308778,202109,2206676900442, 小小全球精选
68490,202107,911756252,兴业衡器厂
93960,202107,1646609257,大可翠玉缘
341451,202109,858149487, 鸿视安防
587052,202108,62754861, 80后的动漫屋
273509,202109,1057580990,海博运动专营店
287456,202109,3030454741, 徐州捷邦新能源工厂直
522845,202108,3388322450, 优美镓
20807,202107,2486302861,方豆科技 梅好小店
648384,202108,2622076126,碧翠玑一号店
110145,202107,2509216050,小森林之乡
283975,202109,1928003408, 广西铭港商贸石油设备
492302,202108,3372807703,可心智选优品
148937,202107,2117475859,星力电玩
141974,202107,1962340508,鑫海数码正品手机店
6680,202107,3038572708,一茶空间
237436,202109,506942307, 香港安伯曼珠宝
263442,202109,282279668, 黎子园
40111,202107,930030718,落脚点运动 专注正品
12879,202107,2203066328860,u[2203066328860]
597885,202108,169292639,PEACHPIE STUDIO桃子派
205444,202109,2284895450,绅宇家具体验馆
327458,202109,1882589146, 莉莉丝小魔女之家
598043,202108,266771271, 鞋材皮革测试材料
84384,202107,925601842,都市美居家具
551676,202108,1809849315, 尚武武术运动器械
188375,202109,120433659, 玉环佳通液压工具厂
630449,202108,2207690465281, A聆听衣阁
329932,202109,1712824377, 正鑫汽配 主营各类货
22484,202107,1637313652,改装赛车鱼眼轴承
189716,202109,2953390220, 灿兴实业 专业BOM配单
136478,202107,291970665,寒玉暖阁 和田籽玉
244891,202109,2353142762, d[s115735571]
127780,202107,3973581956,宿本居家生活
259897,202109,2085857476,易跑旗舰店
104848,202107,703872786,TwinKleCutey
627981,202108,11986032, 赣州市隆星科技
48946,202107,2257737024,威海卫渔具厂家店
575912,202108,50929927, 济南新瑞电脑维修实体
514512,202108,755877137, 弘达通风设备
74620,202107,4235110690,西康通信企业店
286673,202109,2207688274402,石屏豆腐官方店
191115,202109,76750493, 比高数控五金工厂直销
558726,202108,2736771972, 大表姐的潮店
332395,202109,679241570, 电子秤仪器
286014,202109,57716286, 一祂YITA私物靴下制造
140016,202107,1116332351,EVA海绵泡棉双面胶厂家
534745,202108,16826413, 迦品笑
211803,202109,930273132, Sup poor IV
63772,202107,455829735,爱牛科教工厂店
200105,202109,2201421230251,蛋总的毛毛小铺子
205303,202109,4212655792, 明泽电动四轮车
524092,202108,1049390145, 佛山理宝通办公设备
307560,202109,2142698337,scofield女装官方旗舰店
575876,202108,3601995761, 昊大微控工业气体混合
251991,202109,2470884842,杰西兰家居馆官方店
38253,202107,468294904,云境翡翠
516835,202108,669830124, 铭志图远数控刀具配件
642371,202108,2207581695253, 大男孩珠宝
225433,202109,2206646187128, 表哥的衣帽间
91573,202107,2200588664097,米尼点点官方品牌店
92257,202107,1932927186,loveto大当家
237507,202109,2209085909746,壁龙旗舰店
626562,202108,820157176,百贤艺中药行
307638,202109,2600015208,可比熊奇迹直销店
97,202107,3327045945,马仔吉他乐器企业店
580474,202108,3995171840,百顺邦
218495,202109,1678716251, 哈尔滨安防线缆
581508,202108,849178526, 哈丁电气
229094,202109,2841074475, 图晟橡胶
330199,202109,2379370742, 驿美电梯工厂
277479,202109,2200742706138, 之缘佛教工厂店
527581,202108,247881147, 杀姐姐剧本杀
556518,202108,2208362508183,老庙品牌珍珠店
303323,202109,2207729175022, 点创机械
207823,202109,684565485, 杨小妖定制皮草馆
107182,202107,798249893,东润电子 电子元件类
119627,202107,2012256673,超级七珠宝
72465,202107,75509602,晟藏蜜蜡工厂店
538720,202108,2962551622,HONGCITY时尚精品男装
643106,202108,2208469711059, 大牌化妆改造包集合店
20038,202107,1970986149,荣宇电脑配件
178116,202109,2007282456, 佳鑫防腐木
246445,202109,838619951, 胖丫韩国正品代购
39458,202107,3872131667,吉致暖场活动道具服务
283389,202109,3461701536,兰蒂斯厨卫馆
10776,202107,726226004,好顺电子直销店
287783,202109,1116645379, 睿茂螺丝
12423,202107,1722802692,汇美家装生活馆
198281,202109,2851582845, 电力测试仪器生产厂家
531531,202108,212894563, 机床附件888
643128,202108,3197202615, 运动户外行
575166,202108,75513427, 亮闪闪的小白羊
145370,202107,3192651112,创联电器
76530,202107,2899256726,兴胜塑业草莓篮子厂
82316,202107,278185186,宁波大東家模玩俱乐部
601950,202108,2200706679861, 富婆来买吧
525578,202108,361339727, 光纤线材批发
112535,202107,155794190,英古缇设计师品牌店
139456,202107,87193733,乐乐宠物用品超市
197432,202109,628639079, 长城传动配件
636012,202108,2821682926, 三秋尚品严选
131948,202107,1649669862,万事如意劳保道路交通
236357,202109,1775090976,送安视安防厂家直销
26076,202107,406143762,光纤光电传感器
291757,202109,1603660041, 中山古镇浩业螺丝
561471,202108,3175156294, 珂宣尼直销一号店
524028,202108,2200627665985, 芳洁卫浴用品
603595,202108,136184028, 专业环保地垫工厂店
232549,202109,2083578539, Antinoise不吵不极
195802,202109,1615350821, 广州美成座椅五金家具
123109,202107,2567950802,上海阳光戏服
106231,202107,715556160,气体检测管销售中心
189525,202109,3900917217, Halo三眼仔
327351,202109,2701316708, 万旋科技滑环直销店
213199,202109,3852174680, blanche 布兰奇
122570,202107,351393600,懒驴单车风行
140620,202107,2242216510,河南豫之译机械设备厂
615584,202108,587188828, 川一数控刀具
206786,202109,2201255653268,雅炽旗舰店
325789,202109,13826275, 北美四大运动博物馆
495775,202108,3924643908, 小匠藤艺家具
123161,202107,293375599,广州龙钻数控科技
505033,202108,424437977, 星辰GM包站
561228,202108,55458601, 大雄模型店
28758,202107,2050908211,科益消防阀门
562186,202108,2200698749145,香遇缇香 芳疗师娜娜的植物护肤
6367,202107,1639083442,诚必达自动化实业
268396,202109,1670702588,大肚皮日记 舒适内衣
30756,202107,2210791830753,tb9334199577
84499,202107,269933125,佑服饰 cherishforeve
570269,202108,1611555328, 小蝌蚪在全球
532532,202108,73190911, 次元集
225644,202109,10064289, 螺纹规批发零售
330530,202109,3508855027, 微淘折扣店
581757,202108,361841416, 森淼林商城
54726,202107,10876863,底特律下雨不打伞
333006,202109,2861585910,尚品雕刻机总汇
5459,202107,2887164562,启创珠宝首饰定制
607661,202108,1845451255, 星塑配件直销店
545768,202108,2200614344686,奥特莱斯 游先生
63443,202107,415713533,ETE嘻哈潮人格调店
647141,202108,2845633211, 无印岛
646655,202108,3166215554, 墨水庄园InkManor洋装
522903,202108,106558976, 埃普自营店
330075,202109,709926084, Jadeshine玉光
329003,202109,2207628101384,燕子百货生活馆
584003,202108,743628687, 美丽8美妆商城
631579,202108,2768135008, 青岛中家贤机械
246846,202109,2808188060,惠心衣美品牌折扣店
119795,202107,551014093,SONGS FROM
619394,202108,4061169117,甜心烘焙包装1993
563251,202108,1073853139,柯柯沐
606219,202108,233693779,泡米妈美国直邮 满320元包邮 美国直发原装正品
512385,202108,110235032, 木茶动物园
86466,202107,3514120177,小猪DIY装机
204203,202109,2207338243988, 冬诗韵 轻奢女装
574792,202108,3902013650, LINKS灵狮时装
626729,202108,2266693737, 衡展电子秤广东东莞
564893,202108,4129219134,福韵茶具工厂店
247280,202109,2857725135, 景德镇昌辉老厂货瓷器
264128,202109,2941968790, 天七堂
556980,202108,2168692986, 双子喵喵原创Lolita工
632989,202108,40264824,井塘科技工厂店
144516,202107,2841442811,电力金具及配件
233474,202109,784699526,锐龙货架厂杭州2个实体店
558495,202108,77586789, 失信，你永难挽回
72826,202107,273159481,明讯科技皇冠实体店
26042,202107,2012142672,上海星月气模厂
549496,202108,38233040, 無念文玩
39822,202107,2883310627,宸宸小妖童品外贸店
146369,202107,909034556,鑫石代翡翠1号店
249540,202109,2585418596, 金帘窗饰直销店
549504,202108,62357951, 汪汪黎小铺
105019,202107,48359418,MUGU沐谷
590205,202108,111579669,顶立动漫
42829,202107,734789427,光仪世界机器森林雨
194961,202109,2956438585,阿仕邦旗舰店
548679,202108,2204225127, 是璐璐的店啊
534046,202108,1951736022, CF DOLL黑猫魔法
316227,202109,2210679586654,御健医疗器械旗舰店
180337,202109,2143422636, 高速倒毛机 高速倒纱
571092,202108,743135128,北极星珠宝饰品
517736,202108,3915707101,快速换模系统销售
206097,202109,2002450752,丁丁演出服饰2
9988,202107,210045467,秋友贸易
495656,202108,103871690,心悦宫
642571,202108,116262224, 石匠世家珠宝
617485,202108,2902044177,多米矿工蓝珀原石店
606786,202108,3355419910,东莞市晟煊磁业有限公司
521422,202108,3300901464, 大宇五金电热
265930,202109,1728864810, 所谓文艺
182020,202109,2207690278600,宏河电气设备有限公司
568768,202108,50593218, BlacKK
229927,202109,2205328147735,一品良源食品专营店
16227,202107,2209500077946,蜜桃味杂物集
321850,202109,925463873, 志祥五金
516184,202108,886738846, 山东气动批发
336489,202109,1822463122, 盛宝五金塑料制品
132089,202107,921641565,东莞市佑风微电子
585025,202108,2828547665, 华宇通信网络
88060,202107,726694519,闳昌销售中心
510755,202108,351578355, 丰英水中摄影机材
134331,202107,2207557365502,睡前童话原创设计
123663,202107,1035506940,臻品数码
625820,202108,2211668198026,枚归网店的小店
32114,202107,3197466459,奕丝绸直销店
223881,202109,2206771057214,山东巨匠机械制造有限公司
131051,202107,760673077,鸿韵红木家具
626635,202108,2200772414448, 晨晨百货坊
186772,202109,474690597,澳释方品牌厂家店
570725,202108,2597348867,深圳市弘信源电子有限公司
601799,202108,509731186, 西门子Siemens工业控
572819,202108,70540252,惜缘办公设备
237760,202109,2211607836723,vryc旗舰店
145309,202107,844841010,我就是锐锐啊
509455,202108,2207561071719, 河北弘扬通信
96419,202107,40718234,懿只猫
617575,202108,417566206, STH原创设计女装
318080,202109,53454786, YT运动二店
176,202107,1115350351,杰出工匠
610151,202108,788983360, 春色秦淮
241142,202109,1934074262, 河北国威焊接材料
323779,202109,1743089431,苏蟹阁旗舰店
193807,202109,2207445635789, 达铭净化一站式供应
251818,202109,1126863468,联进众和电子科技
591519,202108,36331800, SONY工业CCD相机专业
35749,202107,11864524,中东晶品舒俱来品牌店
56413,202107,4174066108,贴片机配件小谢
47526,202107,1718251976,米兰品牌护肤店
225762,202109,3371338169, 琪琪 上海站代购
305010,202109,1725881607, 豆儿Beanny
99579,202107,1832260833,mpvk店铺
507963,202108,2933658943, 云上家居YUNSUN
58961,202107,3840635796,韩国SMOVIN自营店
36576,202107,2208179695147,麦粒米粒
194652,202109,726988609,索菲亚家居旗舰店
216589,202109,2884713196, 玩去吧童车店
192884,202109,2200784494001,云沃橡塑制品有限公司
516357,202108,2965656215, 河北九佳机械设备厂
605858,202108,764142143, 上海振华传动设备
29,202107,3071630129,小呀正品代购店
127199,202107,1942430072,峻熙数码
180922,202109,2665393387, 大时尚KJ
637538,202108,2806572751, 诚信通达通讯
508749,202108,2905282403,小进环保检测设备耗材
113586,202107,2200805450443,北面原单促销店
62336,202107,160684636,顺发塑料厂
282760,202109,1643174527, 栖林居
56559,202107,1714563450,鹤居松林
26700,202107,34218683,紫枫铭茶业
23153,202107,2622549821,双峰欲吹擎天柱
123226,202107,3081754570,电容器品牌店
78140,202107,1722411253,八戒礼品定制
156512,202108,2206645883198,姿巧旗舰店
217140,202109,55123583, 幻影商团
4072,202107,2200594779102,圣富莱家纺集合店
505232,202108,2990085347, 娃娃原单定制
536971,202108,192534168, 卡图家居
137312,202107,1752353442,万福珠宝
336964,202109,1941249539, 山东远度数控机床
214290,202109,701585026, Sister Baby贝儿姐姐
524148,202108,2440892772, 品石缘南红
193602,202109,2207066724659, 回转线 流水线 厂家
144088,202107,2336478411,浙江丽水精诚轴承科技
525300,202108,3001111829,同兴发松下配件厂家7号店
188608,202109,144223411, 广州永佳缝制设备
109869,202107,2469343503,schneider电气正品店
137180,202107,47515043,喵记冻干
142972,202107,2832315996,左成电气企业店
645166,202108,3844896261, 元气少女Vigour girl
503677,202108,2207744902851,新华书店日照书城
552145,202108,1933331242, 莱柯进口开门机服务中
644939,202108,1895390381,工厂仓储物流装备
106463,202107,739932701,d[s71128460]
144886,202107,2833238573,启创数码
78286,202107,1044171503,羊绒直销店
66203,202107,817046226,伟宏电力通信器材商城
332000,202109,1821388547, YVONNE ONLINE
255107,202109,2274011074, 琪允萱妈妈的店铺
75753,202107,2675395062,江南名绣坊
113628,202107,3217924511,宁红家具生活馆
312979,202109,643460867, 关闭周日CLOSED ON SU
559603,202108,2206889353000,安居空间家居店
579978,202108,286350858, UKorea韩购
589537,202108,2580919206, 珍珠琼姐
296088,202109,415774964, 奥威特观光自行车工厂
528159,202108,2726373701, 河北晟高
208391,202109,1776519355, 庭院户外家具店
252052,202109,346558149, 寒潮雪具
127996,202107,25314197,Miya设计珠宝
68600,202107,1868615173,飞哥电竞
614058,202108,2200718997282,山东创泰轴承有限公司
566965,202108,35315679, SKY品牌眼镜折扣店
584318,202108,2210338143085,月华宇
189509,202109,3877777887, 国力电气
236806,202109,2206860092066,森镪自动化科技
177189,202109,2209603945986, 安格服饰ZMS
212341,202109,2208193057236,广东泳康泳池桑拿设备厂
548670,202108,887834417, 凯瑞特机械零件加工厂
126678,202107,838163290,西门子自动化实体店铺
143792,202107,1088082653,蒙娜丽莎工厂品牌店
110401,202107,2201480748151,昊雄魔方企业店
221105,202109,1080368581, 壹舍高端定制女装
4540,202107,2201273729496,YXA9自助售后5站
138086,202107,802879638,东亚鼓乐厂
537786,202108,2605104313,益格办公企业店
68466,202107,59356216,镭速模型
14868,202107,592030667,碧晶阁水晶殿
324190,202109,2365081513, 华之行户外运动
81021,202107,1746689295,美丽同盟又一店
619574,202108,2287880313, 科越计量检测中心
575994,202108,2200811851910,温州弘煤防爆电气有限公司
592538,202108,3975022610,斯意达电子产品经营部
237437,202109,50759607, 测量仪表1
306521,202109,672746313, 美多新品牌工厂店
508985,202108,874129549, 安福石材雕塑
654098,202108,82331027, 西安动漫实体店 @那人
96475,202107,11464465,杭州环眸科技
614357,202108,825976155, 依佳旺百货
497007,202108,267050698,杭伞
28406,202107,874443533,長木手工皮具
112969,202107,4251424281,伟兰仪器企业店
130736,202107,782982649,北京安晟华五金店
541253,202108,1075139100, 飞梦达模型
509578,202108,723329180, 悠悠野营
612286,202108,815977368, 顺鑫毛毡
591279,202108,378559192, 嘉瑞羊绒
205955,202109,3416825551,梦汀美旗舰店
31341,202107,21013384,晶生晶世 矿标馆
618832,202108,780351001, 启跃家装建材
330265,202109,3388846456, 邢台盛淼机械制造
536232,202108,3432567776,闽东驼牛动力电子商务商行
48526,202107,2826261110,筱琳掌柜
52266,202107,744088057,富萝珠宝
217984,202109,140579568, 弗兰奇GK日漫
39486,202107,2321673928,东莞市恒杰纸品厂
645726,202108,2668585662,三角铁科技官方店
2025,202107,2953503180,可以叫我爸爸
269248,202109,3203812916, 保科家具
199459,202109,2811943335, 阿花家的穿搭馆
38802,202107,2207320700228,多彩台球用品
508661,202108,1926219523, 港风气质男
126643,202107,3518256451,悦颜美秀5月
94331,202107,94716508,Shades of the Moon
505233,202108,2846055914, 牧风运动时尚馆
621532,202108,3204689107, 易购服务分店
518160,202108,2462128981,真空易购
647853,202108,54096177, 威圳实业螺丝磁铁胶棒
183096,202109,742341990, 博锐气动工具实体店
334767,202109,415191900, DYA德亚自动化乾力智
75202,202107,3069460563,快速效率速充
93149,202107,3325661902,超时代儿童乐园游乐设
601488,202108,1686153777, A电子元器件专业分销
198297,202109,2860121550,智远行科技
505579,202108,57637751, 祖传解锁
116161,202107,305668694,SMT服务商
328133,202109,2805297259, 杭州金鼎电子科技
521195,202108,78436563, 岛枫实验设备
608242,202108,1072191118, 皇家传承御用手作
510396,202108,3848688071, 溢涛游乐
543247,202108,2211196378211, BEILINGMEI正品店
236857,202109,2865452714,上局宁东火车模型店
205944,202109,2470836769, 佛山市天佑餐厅家具
623218,202108,2249192772, SPCYCLE品牌店
629654,202108,2131610081, 小小T恤
547762,202108,2182661150, 宇赐办公文具店
260278,202109,367220399,佰亿檀作红木
113885,202107,1091397805,深圳市金顺光电子
634362,202108,387088402, 亿丰刀模材料
121587,202107,3399221861,百厨机械
216424,202109,1021238626, 海通水暖阀门大全
592174,202108,805837632,9018电子城企业店
639949,202108,746444549, 汽保设备商城
152854,202107,2833731513,黑珍珠瓷砖品牌店
213057,202109,2235910291, 伊萨卡精品古董包
505327,202108,1687082380, 七七珠宝直播间
267137,202109,3918728648, 科洛整体卫浴
280623,202109,489563313, DOLLS原装正品进口娃
648278,202108,3038375818, 落日弥漫的橘
1392,202107,679587115,暖冬羊绒制品店
513609,202108,547604396, 莞瞳cos小铺
625549,202108,1726059016,马哥跑庙佛牌
503358,202108,2768866750, 鼠先生v3
182119,202109,3475675065,金门高粱免税店
84376,202107,2948772431,与画艺术背景墙
563852,202108,887890456, 盼匠出生礼
128724,202107,2653133348,小秦装机室
23924,202107,267812519,浩东工作室
95801,202107,2352068431,王小仰
530372,202108,2842742492, WILDCAT BMX线上总店
626766,202108,406664869, 水豚AIBI
114470,202107,2210196390678,丽丽的小网店03
47917,202107,842909811,重庆大华海康自营店
596118,202108,4010992997, 莫愁造作Mochowood
337395,202109,772587874, UMI JEWEL
528833,202108,2200652747805, 万隆衡器
605252,202108,1736928538, HOME家居
318172,202109,2206965249092,帕尼尼运动旗舰店
22136,202107,710260470,中特不锈钢
530122,202108,1897775088, 海雨模具
72924,202107,2946183571,波塞冬模型店
92845,202107,158334486,专业原装电源适配器批
597462,202108,1688108080, 然然校服厂家直销
92010,202107,4082226666,u[4082226666]
515069,202108,2942790677, 宁津凯强机械
339317,202109,1584182804, 深圳市嘉特达电子
148489,202107,284704055,奔马户外店
244014,202109,1722092780, 三盛螺丝输送机直销店
181457,202109,49211437, MJ HOUSE
40995,202107,346399658,小妖加拿大代购
112036,202107,34104993,简玺天然护肤品牌店
233429,202109,3461997019, 工厂店直销
611751,202108,710393877, 广州酒店智能开关门牌
498306,202108,75001942,羽绒服Outlets店
294125,202109,2901484854, 仪器设备供应商
27609,202107,680753707,33号文具店
206495,202109,2200532819673,凤凰美泰专卖店
209729,202109,4037726347,施特安邦安全光栅光幕工厂店
141184,202107,46655980,紫藤花日上免税店
293215,202109,1929698640, 我爱发明机械
326689,202109,488501513, 国庆家私
219684,202109,2200718493606,杰蕊旗舰店
73391,202107,1026302142,盈泰电子经营部
606952,202108,123995797, 希子乐淘
523201,202108,200992908, 电器批发小店
13233,202107,2210629251502,逐风居家小铺
585777,202108,2857812189, 博罗洁顺纸品加工厂
582839,202108,1753696012, 九鼎家具
133691,202107,383920209,惜朝手作 古风和风发
292874,202109,736262177, MOMO轻奢高端女装店铺
34082,202107,93749887,映时光珠宝
296454,202109,2568027998, Dualpersonality
42410,202107,680150656,北京辉煌旗帜厂
637484,202108,831891147, 懂你礼品
603042,202108,2016999942, 气雾类定制源头厂家
631601,202108,2603748938, 一波气动元件
155634,202108,2208244431724,金珂医疗器械专营店
329428,202109,1578652419, u[万盛源商铺
325355,202109,2201198171577,鹭工旗舰店
103461,202107,357448256,金牌 专业投影仪卖家
137439,202107,799114004,大雄本本企业店
45652,202107,3812250707,夏木家具
258148,202109,2823405886,欧派官方旗舰店
224403,202109,3321821770,河北林盛环保
205301,202109,421042864, ReneZ
603371,202108,859871277,集安鑫鑫源东北土特产
88592,202107,1986711650,滕州市大昌机械
257144,202109,2225921407, 比普电气市场部
71853,202107,2458692730,东方达美包装
268259,202109,2208153964081, Diduo 轻奢高定女鞋
136866,202107,1068317780,上海松夏减震器工厂店
556810,202108,1129336949, 美佳优品
531515,202108,2159395725, 港铺黄金
569485,202108,2200692138544, 大正宝玉工作室
308124,202109,2715671589, 山东松立激光
87257,202107,2613336755,广亿园林雕塑
2547,202107,822545998,惠丰渔业
18134,202107,542783212,天珺百货
3434,202107,43815244,诗洁高定甄选38号店
571590,202108,2253227523, 星辰工贸部
638144,202108,832483410, 防盗报警专家
93986,202107,1899641027,深圳电子元器件集成电路芯片优信IC育松telesky锋洲risym上海芯城
561950,202108,39249999, CANSPORT户外
602486,202108,2330145605,烟台天诺电子科技有限公司
219615,202109,779029486,贵州纯粮老酒小店
302798,202109,861480103, 成都弘创精密机械密封
598827,202108,1851157450, 前男友LIVEHOUSE
647433,202108,2206568504844,诚信商贸店铺
542077,202108,676600507, 品全玻璃酒店用品
602940,202108,2415114789, 永邦建材
51468,202107,353365104,上海铭菱机电
268364,202109,490739077, 福禄克徐州滁全店
82219,202107,63266804,茉花市集
159030,202108,2923122553,天虫旗舰店
231340,202109,180835943, d[s57521068]
612010,202108,1688903331, 孔氏珠宝
584476,202108,1592814974, 安然美国代购小铺
285455,202109,2201429673790, 上海诚至脚轮大全
209006,202109,3838579969, QHYCCD天文摄影
46287,202107,53217790,上海螺钉厂经销部
218338,202109,2439952646, 鼎安叉配五金机械设备
60459,202107,259856578,wanxiaohu88
107098,202107,35005704,博美仪器商城
138103,202107,778221466,泰州德谱分析仪器
17003,202107,1587435351,镜头吧
324718,202109,3460101364, MissAP
615967,202108,625154315, 成都荣亮空压机配件
611452,202108,665624154, 深圳市众芯微电子
297260,202109,3670183447,汇弘企业店
93893,202107,3429689827,朵朵家时尚羊绒女装
512267,202108,351042379, 明珠数码二手笔记本
73820,202107,1593091332,盖世太保cd
312153,202109,888718707, 上海雄越工业设备有限
21278,202107,806486571,福建顺丰印刷加工厂
57251,202107,1751396915,ZONE TREND
496996,202108,690538485, 花言sweet words
11910,202107,349208543,深圳市凯盛达微电子科
502009,202108,851758905,惠州富利通信
8605,202107,2200825275532,天生丽质美妆
570791,202108,2928331812,FOXPLUME新依美服饰
103357,202107,3271421665,懒人日记品牌店
280444,202109,809889295, 飞达焊割
29413,202107,394312082,AD鹿隐洋装原创设计
240440,202109,2858530359, 逸品阁办公隔断家具
276410,202109,3298228387,腾达祥商贸有限公司
280765,202109,2969551455,禄异酒店隔断
512232,202108,2207042245642,牛哥球鞋
26181,202107,2884716939,法铭斯不锈钢橱柜工厂
510573,202108,2957160495, 苏州思美琪工厂店
202332,202109,371769692, 一只小牛的店
179891,202109,20682985, 花鈿荟 珠宝配饰专家
83820,202107,110595797,阿几小食
583021,202108,89232091, 北京柯尼卡美能达
550795,202108,780050546,花椒生活服饰
579274,202108,279652062, 琳立包装网
524876,202108,537849380, 整体卫浴百沐思工厂店
94070,202107,3216797635,万家利渔翁店
31135,202107,2781176832,WOLACH我来创潜水官方店
605889,202108,3022883804, 小武松日本购
223115,202109,111495864, 瑞施博格中国站
125662,202107,2644392163,玻璃钢制品自产自销
145440,202107,847614774,锦丰蚕丝
197895,202109,677842333, 温州涵彩包装
228450,202109,79199180, 元合堂
559612,202108,209066645, about 温YY
273008,202109,723140406, keekain daily
55045,202107,2206745972960,桂泰自动化
651548,202108,2838103346, 电子围栏报警器材和升
37353,202107,1589562973,郑州乐奇游乐设备厂
548998,202108,3081825172,云南寒山茶业
219834,202109,3027580692,济南强运伟业升降机械有限公司 强运集团
628266,202108,1832371853, REDTOYS模玩妙妙屋
275679,202109,3009620212, 富源电力器材
311718,202109,2100862380, 惠缘电动车商行
565217,202108,271105665, 野牛智能滚动系统科技
182956,202109,11662683, 恩沐机电商城
545494,202108,786932486, 自由之舟骆驼优惠专享
191385,202109,1906227199,沃嘉诺卫浴品牌店
498835,202108,1911901877, 童乐童趣平衡车
151005,202107,2517427097,小锐网络工作室
280475,202109,2035116046, 淑女定制
580454,202108,3559558896, 心仪实用礼品批发
214940,202109,3502656409,佰渡电商企业店
132118,202107,3537635388,山东钰诚机械设备
505780,202108,1646180500, 伊薇特糖画笔
10604,202107,685180345,法世利服装工具
101455,202107,2510972407,宏睿科技
24380,202107,25776612454,语菲环球墙纸网
633277,202108,488558, 【瑞昌隆】古玩珠宝店
97515,202107,3389963248,艾尚高尔夫球具
272948,202109,3329918998,祥新高尔夫
247966,202109,2211760105887,钦差大臣办公用品
16729,202107,720301253,土火瓷艺背景墙
523233,202108,367640010, 鑫科专业注塑机电脑配
2709,202107,2208058644388,就是狠霸气阿
334997,202109,4255192311,江苏蓝拓环保工程专门店
30395,202107,1826838680,lv复印机批发
251607,202109,1112065710, 御玲珑
522387,202108,866791416, 机器视觉产品
318137,202109,1761194266,桔家衣柜旗舰店
286358,202109,1138221693, 欧美进口工控配件
587624,202108,2209168746314,江苏南京同仁堂店
103367,202107,867357399,桃子姐姐的手作 原创
555060,202108,77190850,:Dorje德吉多歌台湾素食官方店
501096,202108,369508336, 龙象逐光
247892,202109,123619110,CURE 悦之珠宝
46496,202107,2206803461428,崇江金牌优品
43776,202107,3414413827,ReJeee仁珏物联网
576308,202108,3377335626, 睿新档案用品厂
282983,202109,1684502792, UPS电源
99565,202107,1862546927,ximandun
286267,202109,2792862719, 诚信粮用仪器批发
48624,202107,1028285292,天弈户外
235686,202109,16634279, 勤功精密机械
578465,202108,577101071, Komorebi叶隙之光原创
71293,202107,2574776766,寒风大大的卡牌屋
543786,202108,3422273396, 北北批发零售店
551747,202108,2393597712, 传菜电梯设备工厂店
182179,202109,657206026, 弈博通道设备工厂店
153076,202107,926574009,木玩批发店
495248,202108,28400667, Signorrino
501818,202108,2206482971685,LOVE珠宝店
269590,202109,1925387231, 远晟光电科技
653418,202108,4074996961,法恩莎生活之家
56925,202107,2206741078236,巧乐烘焙食品商行
629079,202108,260047336, Chu'shop日妆
602265,202108,1669030931, 医美达人HanGe
328022,202109,2300429702, 早教机正品店
260918,202109,273207608, 设计师意式定制家具
235125,202109,436857301, 传感云
596759,202108,2271730754, 冲床剪板机折弯机
181813,202109,2207552751146, CICI设计师品牌售卖店
292262,202109,2207810450464, 贝斯达户外用品店
634999,202108,1060252957, 叽叽喳喳小娃娃
112311,202107,91897079,偲逸
543538,202108,60430687, 小迷珠宝设计工作室
530952,202108,681586238, 福子珠宝
589212,202108,417873145, 上海金鑫钱币
22544,202107,3517944303,艾思控成都经销店
219558,202109,2952481100, 杭州陆恒生物科技网店
502029,202108,4067919631, 海洋探宝
49039,202107,2206632917570,tb19900202
584199,202108,2208835267332,帅帅优品店151
516352,202108,3483802074, 翼行科技大疆维修
70334,202107,140183651,艾文数码店
125657,202107,64594101,小珠珠侠
550959,202108,2367027470, 1号追风者
95531,202107,1581405861,Veronica persica
20204,202107,3235224002,四季净源官方企业店
72359,202107,2884713196,玩去吧童车店
338069,202109,380344287, 景鹏达电子
301371,202109,412007306, FNGISED
594730,202108,2662338598,上海佰芮企业店
204709,202109,2208943417707,茅台晟藏老酒专卖店
82052,202107,2639578351,途锐雕塑
507845,202108,674036808, d[s135504304]
31735,202107,455643548,商场网红套圈机
80070,202107,45878613,蓬蓬海外购
16176,202107,3348353594,星翼数码模切机企业店
217233,202109,2203520101103, 亚瑟精品男装官舰店
59658,202107,2818606925,小榄镇金兴灯饰
93796,202107,2159395725,港铺黄金
510200,202108,518312034, 小闫数码
12838,202107,880670816,德红翡翠珠宝
579270,202108,897143314, 墨妈手作
57744,202107,2553353002,崇博科普
509285,202108,3161680431, 发发电摩三轮配件商行
256462,202109,2493459001,高端精密检测仪器
592784,202108,2209026949222,小淘气充值C店
3280,202107,3166930939,鹰豪玩具企业店
258138,202109,2819093944, 溢洋餐饮家具
219425,202109,772092864, 乐佳家居馆
634889,202108,185404185, 厚天设备
605608,202108,2200601490541,仪式感礼品城
231944,202109,3362002482,silverymoom
580980,202108,1592750733, 江边户外用品
92365,202107,2207749162340,航宁科技
505297,202108,4018529900,小兔家 韩日偶像店
555050,202108,1858011336, 杰森文教工厂
618788,202108,842365282, 百汇缘运动正品
576054,202108,3520140479, 玺簪阁原创设计
272928,202109,3313472168, 缩管机工厂直销店
647880,202108,445487, 盤絲洞洞主
26840,202107,869369989,德牌会客厅
542424,202108,1734701224, 掌欢珠宝
304816,202109,2464864247, 苏杨古建
243637,202109,2436676752,丝涟旗舰店
124949,202107,2541787661,有佳有惠
135864,202107,3098662584,DOLLHOUSELOLITA
144814,202107,272788018,骑智天下思维车
191853,202109,866630428, 新宇锁具工厂品牌店
180932,202109,4107316337, 电缆熔接头
130342,202107,391751820,她他数码 全场原装平
515310,202108,137070580, 亘昌贸易强磁铁批发
112298,202107,21417291,d[s33088832]
119590,202107,3254940174,爱眼优视力防控中心
154676,202107,4271395004,邯郸亿腾瓦业
261949,202109,68490080, Wood Land 五大狼的杂
318970,202109,2779905602, 小柚子科技
323836,202109,2375143993, 隔壁老王潮鞋店
276975,202109,2135131998, Adelphi Cashmere Stu
291363,202109,2766411400,扬子江新材料制品厂
575204,202108,374748920, 新世纪文教
7281,202107,3236750741,广州润湖仪器有限公司
187363,202109,3421297139,中意原木整装定制
637588,202108,140138827, 取木
557941,202108,3014748409,温州琳星游乐设备有限公司
521732,202108,1883869979, ASP甩棍正品
4497,202107,1950244983,金科电器
617653,202108,2208455228610,住范儿装饰
535917,202108,2271496289, 丽晨达羽翅膀店
137430,202107,907933870,福鹿记工作室
32215,202107,502404092,集合好物
8598,202107,320880801,拜克伯恩 自酿啤酒 用
30636,202107,714548983,祥云绣艺
234719,202109,161498987, MaoO日本
213668,202109,3987185953, 回转支承
81285,202107,2376483131,宣宣北欧家居
499728,202108,826178437, 宏羽运动
591125,202108,132678015, 陈氏书铺
280029,202109,1953255032, 永锋柴油发电机组批发
127294,202107,2182789374,d[s112313635]
558915,202108,79163690,奥尔夫乐器厂家直销
17793,202107,745128600,杭州蓝途仪器工厂店
515578,202108,3925623760,无锡海意特科技有限公司
69601,202107,3901379903,锦疆世纪优品成都店
68017,202107,524393216,广州城美公共环境设施
301387,202109,1727025440, 华源气动五金机床配件
190723,202109,489911104, 磐鼎防爆工具精品店
569048,202108,2377497322, 翰森发廊家具工厂店直
149599,202107,3427468032,中影影视器材
99555,202107,565417,牙买加蓝山和钱币收藏
571174,202108,2092260639,柳市电器城新区
113410,202107,48759686,大雅新科技
92729,202107,49520256,威乐电子工具店
8677,202107,2731640474,Heroway牛系直营店
600557,202108,3340532972, 海烁轴承
109026,202107,414435166,中强电子58
238074,202109,323073040, 睿利智能设备
540755,202108,593320102, 原厂加单无LOGO
258655,202109,2927452665, 小马机械
2703,202107,2207596241498,上心网店
281067,202109,58405767, vane电梯配件
62456,202107,2204652569107,喵大叔宠物
178626,202109,2492487803, 斯特尔选矿设备
638456,202108,2649444878, 不二精工
175907,202109,1127805524, 中国实验仪器销售中心
620608,202108,344649489, 羽狂体育
52084,202107,2211414091685,只卖正品的晓婷
303885,202109,3013960849, 恒丰机械加工厂
311751,202109,2560384352,猫和老鼠品牌童装
608495,202108,198811075, 牧歌园
595057,202108,2550498312, 杰友纺织机械配件实体
50835,202107,2200806944494,深圳市漍东电子
192344,202109,96309013, BR百瑞钨钢刀具自营店
616084,202108,3330882044,孚久办公批发直销中心
85147,202107,1887001946,酷车家族
278885,202109,2209293147205,两手硬装饰旗舰店
177780,202109,785288207, 老猫有杀气原创设计
642464,202108,2597774348, 江桥榨菜
31260,202107,4035082037,屏分天下
224621,202109,3365735557, 小弟大洲 HUMANIMAL
505328,202108,1022813735, 石全饰美
275329,202109,2209371362083, 聚道聚美6E1店
240971,202109,2681748419, 芭拿马
57523,202107,2669784983,麦科信产品特营店
144923,202107,667525995,guoxiongkang的小店
590603,202108,557071831, 途安保温袋
585388,202108,1807974813, 湖南群益 二手东芝发
266489,202109,2645813809,深圳市敦讯电子科技有限公司
140810,202107,2206407493445,歌琪拉轻奢
315243,202109,2206386400619, 山东恒鑫海绵厂家
41990,202107,127678802,以西的小小店铺
43311,202107,2995193314,小拇指家具
272929,202109,3314207469, 红黑科技正品店
545576,202108,1028006913,蜂觅云南
8673,202107,474724463,原装荷尔露真爱雷瑟丝
48311,202107,298136008,KKKmarket
270408,202109,2595994496, 西贝家居母婴
620319,202108,474698686, 冬青苑人形工作室
604944,202108,2899945358, 温州伯利恒安全防护纱
319729,202109,2931649245, 乌角正品SNEAKER之家
622047,202108,3069754719,高端卫浴系列
622299,202108,2201412495443, 汇诚新能源
174517,202109,2538580850, ME轻奢精品女装
78500,202107,1648626728,颜汐梦雅珠宝首饰
65053,202107,1051991761,童彤乐教育电子
514902,202108,3171159989, 海亮铜管直营店
277145,202109,354147239, 面白屋日本代购
283078,202109,2211645945897, 言选好物8号店
140381,202107,372533098,大名自行车零件
195851,202109,2208243052819,轻奢大联盟网红店
267492,202109,2201404645309,德州亿添网链机械设备有限公司
202175,202109,80617405,audiocom 小店
545932,202108,254104640, 艾礼富韦尔安防店铺
296698,202109,2640311888, 向荣工控专柜
652276,202108,1791394481, 理智科技工厂店
264531,202109,2210521527899,悦鹿家旗舰店
317994,202109,372616345, 龙福金丝楠
52370,202107,2208654410215,绿生农业科技的小店
142987,202107,2748888545,科清坡口工具直卖店
628891,202108,107145204, 军诚户外
506988,202108,3321711325,听风之言
602834,202108,2200696250483,u[2200696250483]
323280,202109,1628939562, 名皇珠宝店
578403,202108,4087876354, 极简北欧工厂店
40715,202107,15119075,中华卡苑
611368,202108,1724702403, storestories
228619,202109,2748888545, 科清坡口工具直卖店
2339,202107,1098756786,卖螺纹工具的店
93198,202107,3497725231,外贸欧美女装大王
621968,202108,1926992153, 美佳乐器店
239260,202109,3637080493,浩轩输送设备有限公司
175970,202109,2201482866105,WIWICO
299011,202109,2923941706, 安平远诚刺钉厂
82611,202107,1733444635,海斌世外桃源美食
626775,202108,3637975529, 祥拓电梯配件
264698,202109,72353874, 西万互联网工作室
631011,202108,445146349, ENDLICHERI小铺
9186,202107,3919831133,吾居婵美礼品店
15005,202107,878238654,圆圆的小店zz
317401,202109,104683575, 旺永机电
208174,202109,1745581024, 山灵语原创汉服
45329,202107,2762045473,u[2762045473]
67485,202107,2566395841,咪啦饰品
213937,202109,2207820475073, 恒东旺铺
100624,202107,12623575,贝尔玩具铺子
192764,202109,402841461, FANMOL梵摩
101323,202107,2200665125829,爱布坊家居生活馆
281169,202109,769540034, 美家生活厨卫
285422,202109,2200798103696, 济南鹏奥环保科技AAA
80110,202107,221677482,精诚钟表工作室
645980,202108,382147666, 旋风批发店
273505,202109,1055614953, 长源五金机电
312107,202109,3249365422, 宏晔焊割
140026,202107,1129706808,七乐文具用品
56485,202107,869032169,冠阅珠宝
491885,202108,707019716, 呼噜日记
109332,202107,890635459,少爷口粮COS服装定制
36332,202107,2231222614,聚乐淘玩具店
104142,202107,3864122138,新启翔图书
303574,202109,2208564400410, 壹克丝原创设计4号馆
131635,202107,811665405,钜恒标准件
55652,202107,402841461,FANMOL梵摩高端定制
95047,202107,3880396607,富贵海参
128280,202107,53883565,慈慧佛具
570969,202108,4267168584, 赛诺直销店
259951,202109,2146799640, 超新星智能电子秤
640653,202108,2936197959, 井字阁印刷设计
189467,202109,2901109726,EM轻奢女包馆
95210,202107,1123914958,广州德泰电子
282853,202109,3240177612, 诚信为本168
1242,202107,874842894,伽艺宠物展示
507109,202108,2200729284380, 友良家具
532174,202108,154535784, 迅飞达钢结构总店
102802,202107,881591654,雅赞和樂HK
335726,202109,1633914795, SEERSUCKER
81145,202107,12469484,爱烹牛排
132154,202107,3815411511,CHINESE MEDICINE 前
274083,202109,2367207505, 雨鲸
554070,202108,2936293806, 天雅美术画材
290458,202109,4000265707,dunlopillo邓禄普旗舰店
276379,202109,3250408110, 沈阳一机床配件销售处
179489,202109,1095246781934, YJD打磨机工具
494322,202108,2233014166, 瑟卡日本直送
311431,202109,798216405, 宁熙EC轻奢女装
123543,202107,12716280,乾龙盛音响在线
521314,202108,834797282, Saengreen高端护肤怡
30776,202107,2230764832,啪嗒砰美国代购
558673,202108,2149515253, 子俊商城店
325237,202109,3809935665, XIAOOWOO
555453,202108,3145539992, 爱民汽车电器
25515,202107,1668685972,韩韵照片墙
50618,202107,404239804,TONDAE (通达艺)
111316,202107,3155518422,门帘工厂小店
609481,202108,2887131037, 五金制作滚筒配件
62808,202107,1116412593,珍珠兰姐成品批发老店
263593,202109,2206800990084, 慢哉慢裁 自制服装
318784,202109,672043387, 中鑫滚丝机点焊机碰焊
551083,202108,3324891055, Howe brick豪牌
604852,202108,2771005834, 铭牌班服校服定制
574687,202108,163415730, 厉害了我的西瓜
204244,202109,2902063914, 鸿诚印刷机械配件
512975,202108,3003517060, 贵州苗族银饰生产商批
573146,202108,766818274, 花琅家熊熊小铺
24070,202107,1827465597,雅明阁lilo
261327,202109,2206667309446, 迷君原创设计品牌
90246,202107,287482120,一念清净心
540754,202108,591913180, 浙江辛巴达机器人科技
651903,202108,2376070742, 帝科载重王体验店
274218,202109,793072288,海燕医疗保健
116566,202107,786701220,雪天海外购
304934,202109,3991148374,福建瑞天恒机电
555464,202108,803087765, 兴薇宝石 彩虹碧玺『
131527,202107,856000143,济南鑫汇电子设备
196381,202109,3355419910,东莞市晟煊磁业有限公司
184554,202109,2216721816, 互达丰自动化工厂店
13053,202107,519260637,天欣材料城
580154,202108,2201458752654,上海优宠宠物
297457,202109,371743523, d[s60498592]
595721,202108,467192550, 广州荻美乐器厂家直供
266544,202109,56177965, 文亮藏品阁
106224,202107,746439941,宏远单车
105730,202107,3009124687,惠尚格全屋定制家具
635671,202108,54768469, 17路總站巴士專門店
49392,202107,2820354308,大正梅花优品
629106,202108,729728519, 永恒五金工具
113021,202107,129062174,荣格中控考勤门禁批发
304002,202109,115293832, 文砚堂黄石砚
587050,202108,1785408203,国伟包装
78146,202107,140441200,川久纯精品
13029,202107,183707918,捌零造物
99344,202107,2936166673,神童早教
29854,202107,326157593,1121Family
507504,202108,2891707227,原创制作 咨询客服
258360,202109,2201167479093, 深圳轻奢高端女装店
191371,202109,801783229, SANKI'S LIFE
609682,202108,2034654844, 超能宝贝玩具
557571,202108,672594546, 纯羊绒高端羊绒衫
295851,202109,4071303063, livingSoft
316983,202109,2200540820592, 饼萝朵
176841,202109,690251177, SanQi女装
32131,202107,287107725,天下诚品星月工坊
55585,202107,1039135835,\n
208709,202109,2564976520, 施家杂货店
307403,202109,2562408953, 捉马工具 只卖正品
203371,202109,76897749, SNEAKERS CLUB
327058,202109,2208020618295,赤霞旗舰店
334709,202109,235581372, 007 柒柒
204399,202109,160655807, 应夙手作 夙朽第十一
259600,202109,848878586, 东莞市百耀自动化设备
198944,202109,267584967, 阿仙仙小众轻奢女装
313193,202109,3312164641, 信远车业
100439,202107,171238246,samsung三星韩世智能门锁品牌店
532244,202108,2868067891,万霖消防
547428,202108,1083642491, UFINE优梵品牌浮生家
240068,202109,899468442, 欣格贸易1
22932,202107,269297060,闪电妞18
12106,202107,79498094,广州海正小配件
525130,202108,2208089964468, 深海外设桌搭好物馆
271262,202109,2609549551, 添友经编机配件经营部
48134,202107,43641155,睿沃德REWARD珠宝
563751,202108,1587369619, 中嘉盛电子
94779,202107,2555875167,KOROO美妆 问心无愧
231470,202109,3246691222, 凯盛环保科技
272236,202109,27630879, 泰和工具Tools
2148,202107,66430815,含宝童童
154630,202107,4170512858,玮柏运动官方商城
25357,202107,647286724,胡桃鹿WalnutDeer独立
204194,202109,2207272207727,设计师的礼物
70173,202107,1078501655,杭州陆恒生物科技舰航
57226,202107,181028717,豆包仔的裁缝铺
33392,202107,2152310095,童梦奇缘益智玩具店
98686,202107,3251046373,正品保障 质量保证
519998,202108,3031085584, 思悦办公文具商城
265197,202109,142636327, 欧美泳衣
151139,202107,48431159,易麦小窝
113402,202107,2880724131,Bramble Rose 荆棘玫
124689,202107,2018462496,天龙绣品宗教用品工厂
562014,202108,674402416, 德州东方环保科技股份
328177,202109,4111543088, 米家集市中心店
27418,202107,3934366189,斯西雅家纺
74407,202107,24570230,铁叔模玩
327778,202109,2231334366, 景惠小铺
557332,202108,2209777380171,盼盼精品生活百货馆
76819,202107,100725462,家装材料一站式团购
529935,202108,2503510302, 曾经的大衣架
619729,202108,1014507122, 富榆堂
201402,202109,698846299, 灵烁珠宝
232401,202109,3480161298, 专注拧紧紧固工具
194217,202109,171572026, STUDIOQIAN
608680,202108,58709156, 诚芯MCU honestchip
654311,202108,2729454784, 森语轩酒店定制
182641,202109,698753205, 冠鸣科技
587848,202108,1647850576, 莲花珠宝 Lotus Jewel
622510,202108,2543178458, 半水山房
184153,202109,2967055154,宁海腾博计量检测仪器有限公司
199565,202109,940377498, 山良致美品牌店
29699,202107,660565658,佐登堡五金
504219,202108,1945208733, 鐦KAI
131628,202107,139523658,颍上鑫鑫家电维修
140856,202107,2244832192,易园户外家具
559126,202108,2621796189, 吉祥源招财装饰摆设
575765,202108,140579568, 弗兰奇GK日漫
30938,202107,46959012,碳纤维材料之家
328265,202109,10135639, 浙江小龙机电
336604,202109,3165894442, DAJO'S 大椒驾到 轻温
616025,202108,250010845, GPS测亩仪仪器店
519676,202108,3685201840, 店长是馋猫澳门正品代
44538,202107,49401304,水精灵纯净水设备
12341,202107,2169066523,小柑橘轻奢女装
82732,202107,673645950,西西标准件
253693,202109,2859389035, 扬州海诺森船艇
255636,202109,3402826604,Realzz Offcial
317195,202109,1031521505, 广州爽快电瓶车
285418,202109,2200788997860, 金箭建筑机械厂
65480,202107,831485022,卓扬高尔夫
56868,202107,1884454473,萨甘后援会车迷铺
273088,202109,1019439896, 玉淋办公用品店
566897,202108,2207566418069, 志诚楼宇自控商城
582597,202108,2206823125236, 远东韵律商城
323190,202109,3117276937, 意大利高压清洗机
71326,202107,2200596542571,国货彩妆＆折扣店
554286,202108,4231463365, TZ BOUTIQUE
598867,202108,2909210197, 一路有你很好
261449,202109,2856982288, The World of Yarn
57614,202107,68910596,电竞游戏本商城
497088,202108,2209425017193,雯雯的优品
46744,202107,680717882,汕头启航数控
43778,202107,3416911465,北微珠宝
277515,202109,2654452636, 顺利达阀门
46164,202107,2201202326614,国际珠宝展
128413,202107,2791688469,秃顶怎么治
184581,202109,2237237122, 安语竹园
174958,202109,2626320063,机房环境监控厂家
181477,202109,83636583, AiA STUDIO
178810,202109,2157953444, 电子飞镖机工厂店
5431,202107,3038129873,广角企业店
241585,202109,744383457, MINUIT 原Midnight旧
323453,202109,67755160, 碳酸起泡直播贩售机
136024,202107,2200751209255,如心珠寶 BelovedJewe
234053,202109,2159721753,奔浪运动户外专营店
513871,202108,2450578769, 光纤商城
213624,202109,3038985328,广州中旭木工机械
556748,202108,2710970772,上海钻石牌手表店
148372,202107,849849101,萌漫屋
52268,202107,2207949384451,广州轲创广告有限公司
308873,202109,287000641, 乐迪海外代购
312602,202109,1013556720, 沃蔓斯莱芙 手工女鞋
177488,202109,3217041067,Stcat圣卡特女子高
510358,202108,1029911574, 小吴DE店铺
151722,202107,2743712338,cbd代购
58390,202107,3873512070,条码绿屋
289079,202109,2558488488, 雅格家具坊
534095,202108,2211866322779, 时之抑菌液
111455,202107,2599314910,汉发宏兴电子商行
296139,202109,1726380191, 金盛红木家具
7688,202107,1112038966,二朵德国代购
41577,202107,2206568675403,意联通信有限公司
226743,202109,388296351, 兴化市泰力电热电器厂
226936,202109,3889341464, 无锡思诺科压铆机工厂
616498,202108,678311014, 丹丝演出服饰
581761,202108,3588253808, 高质量仁慈品大殿僧人
582385,202108,4042129577,立方展览展示器材
319158,202109,2212110198115,递乐旗舰店
276504,202109,2023181707, 润时检测设备
224463,202109,720301253, 土火瓷艺背景墙
151538,202107,2883392841,DEVIL KING EDC
49464,202107,2883917841,腾翼瑞士名表品牌店
146406,202107,1888655357,得宝一体机全系列
274513,202109,1649825652, 电玩新世界
272000,202109,2827605447, 信德和音博士隔音声学
588809,202108,84331461, 秦皇摄影器材厂
141230,202107,1137364833,河北老砖匠仿古建材
285936,202109,299186132, 尚真珍宝
152910,202107,150940700,添森光纤网络tiansenl
219008,202109,1756606064, YING超越PRINTER
312853,202109,2250353051, OUNIOU 讴妮讴
565862,202108,831354566, 祺缘珠宝首饰
517250,202108,3251418183,速印三维官方店
529942,202108,2527567380, 顺云户外家具
73582,202107,2208223836265,成荣家具工厂店
547806,202108,2210230934267,京东电器特邀企业店
138628,202107,13826275,北美四大运动博物馆
120022,202107,806685529,星运鲤xinyunli
607335,202108,1603660041, 中山古镇浩业螺丝
185017,202109,1959354061, 梁山中福挂车配件中心
277686,202109,1067126670, 综合商城通信店
272712,202109,3268531070, 济南试验设备仪器销售
116286,202107,3548795766,芥末酱日本代购
124527,202107,866488679,丽景刺绣墙布
509536,202108,67352088, 秦俑琴行专业吉他销售
553146,202108,64909186, 海豚心珠宝首饰
176707,202109,2207641120558,乐迪家居专营店
646084,202108,1651023371, 升厚精品店
315891,202109,107482348, 核辐射Toys
290876,202109,2799137737, 李财主的小店
191058,202109,31773902,乐符家居
592730,202108,282279668, 黎子园
49479,202107,3221503396,东莞泰诺静电科技有限公司
121313,202107,2497667785,珠宝王国
216927,202109,1098063991, 晝夜Craft
238450,202109,1790800805, 澳门杰里业余集邮代购
305229,202109,2207612886618,mincee旗舰店
550647,202108,3800813794, 正品品牌吊顶营销中心
283373,202109,3433390753, 青岛瑞林丰木工机械
183443,202109,2837303913,脸大大正版CDK
6710,202107,677387157,完美声学
598425,202108,20239148, 大大小人国
125380,202107,2358382875,欧尚工艺镜业
135116,202107,2759884319,DELL代理商
588481,202108,78256676, 君立独轮车
531296,202108,2936362007, 环岛组
558388,202108,1764838166, 广州市迪帕马
117851,202107,140763691,无尽海原创设计
333103,202109,3440945883, 佐岸家具
91569,202107,43050952,9块9优选和田玉
561806,202108,2566187278,福万家玉业
245745,202109,760116646, 测温安检设备工厂店
79616,202107,4250998125,麦克斯的中药柜
294511,202109,2200697585657,言墨高端定制背景墙
137083,202107,2804593348,迪美木质家具
186534,202109,429802782, 午夜刻录机
95776,202107,2546821680,亿丰标牌厂
182476,202109,1065838672, Into Fiction
307271,202109,74624249, Xxx Vintage古董收藏
289266,202109,2200559204060, GS时尚轻奢女鞋馆
513277,202108,1601720188, 蕴之安珠宝镶嵌
192485,202109,378537552,雅莹旗舰店
16544,202107,901497632,新西兰金冠店
638069,202108,651255870, 骏宏腾电力机具
50803,202107,364313992,温言未未绒花
86424,202107,891571718,帝伯仕工厂店舌尖上的自酿酒
251864,202109,2071041182, 浙锻冲床4S店
652901,202108,923620000, 亚舟传动科技
334034,202109,387542955,喜临门官方旗舰店
73438,202107,860253772,潮州 一匠木雕
569519,202108,2499216419, 上分王电竞
251293,202109,3446856644, A Show品牌集合点
647397,202108,56268796, 德仁珠宝品牌店
539163,202108,318646857, 同兴发贴片机配件厂3
64347,202107,1921262776,上海澳阳工厂直销
317787,202109,364597750, 瑞尔盾消防
324815,202109,78470172, 澜爵优墅
637958,202108,929714237, 手工植鞣革枥木皮带钱
616359,202108,2273720879, 泽硕液压科技
187292,202109,2208134704620,华姐自制
196115,202109,2207659521404, FANTASY 幻象
589905,202108,2210585184829,泓贝企业店
24832,202107,153999107,装机猿微星店
211848,202109,2206920749709, 莹莹红人馆三号店
65642,202107,2567650562,大唐滴翠企业店
314526,202109,2072458248,古灵旗舰店
600170,202108,2005078115, 河北华宇机械
252763,202109,2670698237, 入巷间汉服工作室
14255,202107,2241085133,名冠椅业厂
58289,202107,2668772658,株式会社百米之狸
116328,202107,4138821053,夏娃eve时尚家居
199277,202109,4060946413, [COIN VINTAGE]银币古
86735,202107,2806198328,聚竹缘
633171,202108,2194257478, 云聚光纤网络设备
151279,202107,2281870998,诸暨嘉诺珍珠
73381,202107,2572091015,东晟古建
66304,202107,2830583624,华阳帆布
633554,202108,1024943351, 金悦珠宝
153490,202107,3001401074,日月神户外装备
22678,202107,3671024157,红顶商人电子商务科技
128250,202107,203979137,鼎泰橡塑科技
645267,202108,825835390, LED灯箱材料批发商
10107,202107,2276943538,d[s114875733]
517439,202108,4065913505,达鑫药材种苗
569371,202108,3021553581, 百寻珠宝源头工厂
228724,202109,837063436, 二哥正品
208139,202109,1718221444,南极人日九专卖店
283874,202109,375150621, 艾欧泽亚赤魔法师协会
599349,202108,2200780335734, 韩国潮牌原单公社
650141,202108,1061569353, 高先生商店
31683,202107,2558585531,一疗程无效退款
257530,202109,607536355, 一颗 PeaReal
586052,202108,143546446, 阿军商行
312508,202109,2727851062,盛佳鸿业模具股份有限公司
612795,202108,4036614510,美标卫浴品牌店
590775,202108,864545,爱丽丝的珠宝盒
153162,202107,1806588221,亚洲 CPU 部落
648949,202108,2334526677, 佳乐家床上用品工厂店
536280,202108,2337222772, 济南鑫力澳环保设备
288698,202109,3596855691, 飘娜热气球幻彩美陈厂
126377,202107,3228635172,佳宝皮草服饰
51384,202107,1936830453,厚德春秋光网络测试仪
554244,202108,2705863686, 竹青涂装工具
268329,202109,45878613, 蓬蓬海外购
570084,202108,742797067, 深圳市欣瑞浩电子科技
150342,202107,12986277,小王子搬运
233246,202109,759379497,卡拉唐猫Kids
515326,202108,1062125889, 松下贴片机驱动器马达
17221,202107,809530398,IM虚数空间
16174,202107,3254223876,OGN海淘彩妆严选
119122,202107,136698059,东东酷玩
244486,202109,3161695117, 专业通道闸机
54971,202107,399401615,广州联创通信
211625,202109,2558884662, 线材加工设备
61130,202107,2201432102003,融盛祥缘手镯严选
314868,202109,3926727401, 自动化铝型材配件
213577,202109,2993943198,淄博敖邦锻压机械有限公司
173374,202109,2210332925484,匠难翡翠直播
197549,202109,2704723762, 吴江志信标识经营部
309717,202109,54430956, 中工雕刻机
614957,202108,376622797, 澳洲暖暖
641818,202108,907074270, 深圳科衡仪器电子
122852,202107,2805297259,杭州金鼎电子科技
308281,202109,2201262663713,威尼休斯
594112,202108,2208180195937, 勇前服饰店
285575,202109,512164580, 上海慧聪办公家具隔断
256698,202109,2549206232, 聚伴淘包装
338592,202109,1076897855, 『陳記』纯手工金银坊
230223,202109,2877383278, 优卡莎品味家居
551230,202108,164611702, E家庭院木
23731,202107,387541557,艾尔文具工厂店
113136,202107,34229584,艺帘轩（丝尉）
181396,202109,3270666924, 繁幕轻奢
511267,202108,1778287386,航星科技
493710,202108,4260167272, 一樽江月
198668,202109,2610770364,女鞋专家品质店
17081,202107,2206454803082,天然紫晶洞实体批发
527323,202108,230860096, 美适特工厂全球邮
5422,202107,1974449858,海康威视智能安防
177003,202109,2910359394,POA PUT ON ARMOR
574999,202108,277588902,景德镇盛江陶瓷官方企业家居店
600846,202108,11247761, 桃兔兔手账杂物部
307284,202109,753321952, 水处理设备环保
571402,202108,2816553366, 可赛新系列专柜
304012,202109,120956196, ESWN STUDIO
515,202107,3843643074,阿迪莆田鞋
159301,202107,2200660601844,杜骊卫浴旗舰店
114639,202107,1752343633,苍耳の手工制皂
559651,202108,33019453, 济宁呆呆小铺
216000,202109,201854840,疾风体育RFID计时器系统
522642,202108,12881761, FANG家商店
128868,202107,2661191915,博派科技专业运动控制
196190,202109,937974992, 池鱼百货商店
54470,202107,1040674296,宝菲妮珠宝猴哥珍珠直
247270,202109,2207925066808,reedea旗舰店
625946,202108,70654326, 啦啦港澳代购
101857,202107,77030754,Miss Young韩国代购
336032,202109,2210030442719,恆旺服饰
5708,202107,771495300,乐宝拼插积木
645507,202108,3803031983, 奥特森机械
150366,202107,396639381,淘最韩国---最强韩国
290237,202109,396076387, 田棠铺子
30519,202107,322112,万法宗坛 龙虎山正一
229345,202109,381665136, 昊成制品销售部
24139,202107,2887303537,拓发企业店
240347,202109,2206613851978,兵测测绘
282177,202109,2206973414387,南京欧亚
212556,202109,2208775639210,衔子的店
184404,202109,3288386657, Resplendent Galaxy
303127,202109,2207504546639, fufu tosuto
126338,202107,10287337,大BUG军火铺
281105,202109,62780035, Mays summer
299972,202109,3530938211, 王雯雯女装
117195,202107,3185163497,小雨滴英语
253049,202109,3999738857,MountainFever高山热
630066,202108,522834139, 电子管管座乐园
111810,202107,4137488280,掌上笔记本电脑
328444,202109,432738514, 衣爱裳服饰
151513,202107,1814907271,回头客网络商城
334776,202109,4167961656, 可乐于子酱
573521,202108,390894286, XR2010
57194,202107,2208242616977,巧艺花艺定制
35071,202107,2315069871,远驱动力
91723,202107,2884138613,德州亿丰电器有限公司
578179,202108,3330029315, 君尚电子 TI ST NXP M
17565,202107,144232285,如意购物城
33391,202107,2204191709701,JAZOM智慧办公
249267,202109,179120913, LALUNESEA月亮是海轻
133692,202107,3891378149,博奥家具企业店
529633,202108,1995743883, 大拇指广告
587635,202108,2584612251, 温州龙港兴和机械
54153,202107,4196899933,力久电器科技
76243,202107,3132541201,Cor Center
236205,202109,2211845062812, 蕾丝呗尔LEYSBIR
570189,202108,1801663095, 美国小兵代购
576749,202108,3304939888, SYi森艺画室
558188,202108,1701067436, 石力派和田玉
208890,202109,1912914339, 桦天下网上工厂店
643633,202108,4018369449, 金陵体育器械
318287,202109,55519343, 中美康旗店
276131,202109,3165427016,鲁辰机械有限公司
214429,202109,3326461782,泊头中扬环保设备
14785,202107,2310729278,kk时尚潮牌定制
230083,202109,1108793916, 苏西定制女装
549870,202108,1030393091, 西瓜气泡水原创设计
195498,202109,856000143, 济南鑫汇电子设备
35191,202107,392799214,温州统祥电气
572863,202108,753348235, d[s481385644]
257101,202109,112519744, 青岛隆德祥木工机械
147182,202107,404271949,人行通道闸机厂家
297606,202109,4147045709, 歡樂橙堡
219356,202109,516769652, MoMo魔法殿堂
16550,202107,1060344229,熊熊卡牌
192435,202109,2565775208,广州市正测电子科技有限公司
178528,202109,883932232, 天睿安防门禁器材
92720,202107,3210009456,旭日佘太翠玉园
275488,202109,53443572, 秋敛冬藏
315557,202109,2861268647,西朗帐篷 10年帐篷制造经验
292107,202109,319869077, 中达数控工厂店
286624,202109,1587435351, 镜头吧
151108,202107,76104830,江苏羽佳
600260,202108,3162372654, 小叶子爱桃桃
87130,202107,395094058,千彩珠宝工厂店
114012,202107,2200608066577,健身补剂仓
298443,202109,2204392349638,VOTRE原创高级定制
210152,202109,1773315901, 小雨女装
560369,202108,2916118464,HOCSO环塑包装企业店
326189,202109,4110226923,LIANGPLUS 良十空间
200838,202109,2211950143695, 橘漾专柜
301118,202109,2551969935, CHIC BY KK
179094,202109,2200728017760, 谷谷女装
315789,202109,2894155681, 赵达机械
6138,202107,2171716615,心弦数码科技
230929,202109,3010812699, 锂逆电器店
211574,202109,2204114599588,朗益医疗器械专营店
619416,202108,898072329,茗嘉卫浴官方企业店
276676,202109,63837944, SR日本中古包店
8876,202107,26387094,心怡玩具
297358,202109,2008692907, 乐清佑威气动
239152,202109,2091441886,她图服饰旗舰店
310526,202109,2212220715880, LUOSHEN洛神
203715,202109,2200723939158,MOMO家居生活仓储馆 momostudio
7192,202107,731529538,卉菇凉带你飞
184808,202109,2274789505, 直播专享店
546346,202108,115438024, 艺拓金刚石磨具磨料 1
96264,202107,2208363983454,亚米3D打印中心
546395,202108,3975790096, 红尘中的一个小店
182186,202109,930968334, 欧宝水族店
269586,202109,815557287, 小仙儿羊绒工作室 7成
251359,202109,107118332, 衡石阁楼楼梯工厂直销
75998,202107,2200561593643,小十蓝美妆店
255892,202109,865412882, 德晶仪器工厂店
514241,202108,130376235, 华为金牌分销商
83697,202107,856537351,玄良车业厂家
72701,202107,2851760177,玉石王朝特色馆
334981,202109,421800932, 小幸运代购店
516099,202108,1619305948, 广州杰兴奶茶餐饮
15995,202107,650616990,舰萌杂货铺
313260,202109,1686503938,奥斯丁堡旗舰店
62472,202107,3078970911,鑫酷锐工厂直销店
296495,202109,2621976027,专注品牌轮滑鞋
252627,202109,837093615, 羊小李Leo lambs
587619,202108,2758830619,福豆妈俄罗斯代购
154510,202107,197982012,杭州华硕明哲商城
526938,202108,2822331251, 创鸿厨房百货用品商行
18610,202107,2335798685,青州宏达机械
18002,202107,899231207,腾拓点胶机灌胶机厂家
39388,202107,758609464,d[s72817202]
528416,202108,800081986,深圳市金达源贸易
283549,202109,2234020611, 风火山林 Furinkazan
179936,202109,2511209636, 上海克誉泵业
70793,202107,4075053579,国际高端珠宝
296708,202109,2647791658,蚌哥开蚌取珍珠
3179,202107,686364244,仪表0107
208718,202109,3581350471, 芙蓉水族
149318,202107,1061520407,金典拍拍摄影器材店
15003,202107,860295280,上海就瑞机械设备
81796,202107,87895776,ＧＳＴＯＲＥ
310890,202109,716393432, 3hreeto8ighty
240626,202109,1776456424,中国移动官方旗舰店
214676,202109,3390116602,USAGE线上商店
214279,202109,697391997, 昀昊环保设备
179721,202109,363549848,允典旗舰店
525440,202108,1086185771, 深圳国联智讯
563076,202108,663501102, MEET 轻奢高定
179437,202109,460994100, RonRon
602708,202108,874450538, 阿迪桑德罗吉他工厂店
214919,202109,3472770282,FURBS弗布斯仪器官方企业店
503527,202108,2201416308019, 致美家
526548,202108,702811973, 禅莲高端泰国佛牌恭请
56787,202107,2899289353,GNZ48生写杂货店
503094,202108,4165622405,美杰工厂直销店
301473,202109,2541231039,东莞市东仁吸盘制造有限公司
513022,202108,2986598223, 胜旺古建
214442,202109,3341924264,畅享人生食品专营店
117086,202107,44263376,黑科技数码
295597,202109,3966190161,可馨家居企业店
146605,202107,766402357,精品数码直供店
149049,202107,811558931,乐乐妈玉缘斋
227958,202109,2867651290, 蓝大大Ldamdada高端女
86746,202107,3229748484,小贝黄金珠宝室
626887,202108,2124918384, 上海展唯科技
192009,202109,3894658215,名匠装饰旗舰店
152615,202107,834229459,工业镜头和监控镜头店
153148,202107,1849970564,喜福年翡翠批发
292050,202109,2207477704374, 高频板PCB快样
143232,202107,3434451564,宏睿游乐
255432,202109,740198153, 专业智能影院沙发定制
25528,202107,280267355,兄弟翡翠工厂直销
322030,202109,418530697,全系列消防森防装备运营商
539858,202108,2200740484704,u[2200740484704]
301369,202109,41178, 表面咒语GOTHIC LOLIT
5028,202107,88160113,大疆优品无人机
304207,202109,3696095804, 弘昊鑫机械
548917,202108,59789712, 福维克吸尘器潇潇的店
564283,202108,2770925884, 道具天下
604689,202108,2938316063,中茶六堡红醇古韵茶庄
73232,202107,426072342,玉笋裹
6610,202107,2177752218,济南宇涵升降机械
329649,202109,685563493,全友家居官方旗舰店
133715,202107,2574160647,齐鲁实在人
245348,202109,2465935615, 法儿家 韩国定制
225539,202109,3970349443, hg卫浴的小店
150133,202107,1118898551,Meng轻奢饰品
289856,202109,4133185273, 陌妆品牌女装清仓
107464,202107,1981346102,塑胶地板焊接设备店
559140,202108,2200531708599,俊俊的青年
130025,202107,165489169,胡牌坊
554419,202108,2608451996,胜辉安全防护
73863,202107,3094950466,骑记企业店
24154,202107,2822974256,龙泉市金余刀剑总店
588980,202108,2455294252,远锦光学
286259,202109,2787525360,山东佳仁升降机械有限公司
587117,202108,1703086967, JF工作室
322078,202109,1025716697, 泰北玫瑰 泰国工厂店
123435,202107,169927964,Gsmclouds原装正品
201297,202109,22893847, 打折园 金银币 纪念币
14892,202107,1130322215,一铭兄弟装机中心
227143,202109,2391233264, 欧哥超值仓
90612,202107,71011031,香港高登
596377,202108,272916933, 北京普奇伟业机械设备
641744,202108,2807123711, 你的黑马
33332,202107,879721540,科创高端智能锁
589117,202108,2208886473765,颜落商城
35008,202107,2432512751,越地遗风
221868,202109,853864084, 深圳艺雕雕刻机工厂
155024,202107,2206505690002,鑫林蓝藻分解素
48680,202107,677068924,奢门男装
631685,202108,2210586001733,晶之宠儿珠宝
572123,202108,2211938215196, GZB吧台展柜工厂店
130141,202107,4206881285,拓悦车品企业店
511572,202108,2832990501,河南人从众振动设备
201390,202109,3336161083, 吃饭冠军
564965,202108,875243086, 熙熙水晶实体批发店
172524,202109,2855695305, 济南正东升降机械
300434,202109,377155402, 纳兰熏 皮衣皮草清仓
99068,202107,473450441,北京标码耗材营销店
543980,202108,2463122202,欧美健康屋
529848,202108,3020592694,妃鱼精选
221104,202109,1079984585, MIRACLE米洛克高端品
7563,202107,1865216427,台风走了没
199619,202109,2204659778429,旭旭苑
97783,202107,1783763382,极客世家
146322,202107,2206714193815,u[2206714193815]
39502,202107,2087323694,珍藏普洱
300077,202109,1917333168, 安妮精品潮流女装
139758,202107,2019307098,博莱畜牧工厂店
20909,202107,68950080,AZRACING官营店
513945,202108,722819257,深圳市华翔天诚科技有限公司
257308,202109,123487007, DrunkCoco 酒心可可
230330,202109,915980282, 水树沙纪
97402,202107,1727003680,非凡运动折扣店
60349,202107,768224155,好好玩王国
628422,202108,2053474997, 慕韩自制
220378,202109,90382504, 东圣仪器
881,202107,4028101956,元通装裱机械
301367,202109,4116853870,名宠宠乐汇
53893,202107,2115365868,鑫硕正品运动老店
569287,202108,2829857782, 凯丝雅世家
90331,202107,2209230430169,王子姐姐数码店
259737,202109,2487049172, MELENMIAKA
295879,202109,4110477434, 山东鹏飞机械制造
184490,202109,1773852019, zz时尚购物广场
85422,202107,1834555089,多艺乐器
577454,202108,2187611313, mm诚实守信
591570,202108,64133895, 有机de美
70739,202107,70295936,漂亮女人护肤精品折扣
43656,202107,3609447345,晨耀科技
182839,202109,3407895711,predator璟点华宇专卖店
282745,202109,1630886537, AZX 安晴高定私服自制
331700,202109,2762045473, u[2762045473]
299177,202109,2208147947576,SNH珠宝首饰高端定制
211909,202109,2646585846, 崇圣测试仪器批发
611535,202108,1110902622, 腾信机柜 厂家直销
147167,202107,3581350471,芙蓉水族
8098,202107,2971665155,Chirps' Flocky shop
587084,202108,73001915, 鹏程木工机械
189257,202109,2880245934, 我是洋洋
243977,202109,1685488949, hooyo皓悦沙发工厂店
114697,202107,2871416353,北京战友数码店
249170,202109,426723676, 「兮有轻奢」高定严选
585534,202108,1037587051, 信用德精品
154940,202107,605623315,盐城铭科泵业
207602,202109,671844298, 辫子老板轻奢定制玖店
300605,202109,2408768646, 致成佛具
105126,202107,2479980645,u[2479980645]
336886,202109,670334669, 常州金特尔工具
115558,202107,3242643519,济南市绿特森环保机械设备有限公司
638989,202108,69275484, 盛世建材水磨石
94031,202107,2909249786,时尚芭莎雪顶奶顶
44450,202107,85012767,深圳市捷永通科技
575107,202108,22489083, HANA-YUME造梦馆
42039,202107,2618866039,幸福熊猫家
192604,202109,2178417263, 尚势力数码回收
127258,202107,1910231634,珍心珍致珠宝
109172,202107,2231771716,昌弘猛犸
571913,202108,71731767, 温州鳌源机械
606259,202108,2954640411, Jie's原创女装
3003,202107,91185276,AnimistDoll泛灵
552753,202108,674874870, 香缘小筑
635001,202108,112037511,深圳市汇思成科技有限公司
546647,202108,2200782885685,南昊官方商城
78907,202107,1660147575,德国名品钢笔
172667,202109,2206799143715, 晨晨高端女装店
147594,202107,2074338385,广西南宁小侯电玩
259790,202109,3421194093, 老钱蜜蜡工厂店
321740,202109,279913543, 芯仪已久
27997,202107,3875709373,FUN科技电脑工坊
59827,202107,3023369629,挚友工贸工厂店
149877,202107,3400692310,青岛悦森电玩
199168,202109,2709958248,木恒盛红木家具
110944,202107,2204170520864,晶奋珠宝
633332,202108,3841643009, 安徽惠力生
230899,202109,2209082407507,一应俱全百货店FF
335235,202109,467572406, Monico高端自制
335944,202109,560542349, 阿明无锡水蜜桃
637950,202108,10299340, 胖猫旅行国际驾照
233129,202109,2898877066,普仕顿汽车用品旗舰店
553941,202108,26300312, 贴片机飞达配件批发
53704,202107,702675407,光纤产品世界
587604,202108,1741160794, 祺宝化玻仪器商城
85368,202107,3799661863,厂家品牌直销店
266486,202109,2641885272,楼梯企业店
296980,202109,3466317179, 济南升降机械销售总部
235036,202109,2206689733965,道有五金专营店
153605,202107,2863238655,新石力翡翠3号
540483,202108,4213041313, 深圳市利胜电子
150114,202107,138304192,佳印数码v佳能销售服
190131,202109,2200790618784, 潮牌男士专柜
333375,202109,901863191, 200Dogs 二百狗
330382,202109,1794847325,上海鸣伟园艺
41963,202107,912820232,邦普仪表
275006,202109,4232608793,松灵机器人
315252,202109,2206465288467, 贝贝智能航拍
326371,202109,2503510302, 曾经的大衣架
518617,202108,2636796743, 一鸣精工甲鱼枪工厂店
281347,202109,665351740, 瓜皮GK模玩
339162,202109,2867801024,邦亿五金专营店
217265,202109,3001399855, UrbanForestCampsite
530346,202108,2370066447, 蜉蝣寄
549601,202108,188131750, 泡泡 Ms Ln
332508,202109,2754444179, d[s143939824]
517242,202108,2205678344, 爵昂土工
28177,202107,720760444,层不晚的百宝箱
302854,202109,2206597499320,梦钰生活馆
27494,202107,400946054,大地不锈钢门业
146120,202107,75787006,金宝软件
213230,202109,155206990,朵洋家纺「Amy」
291914,202109,646141697, 漫凌原创小个子西装
18741,202107,1877313619,北京允驰Vxpert音视频
336380,202109,637245983, Nancy意大利代购小铺
302244,202109,56201667, 深圳南油高端女装轻奢
127495,202107,2420371729,小松挖掘机原厂正品配
188448,202109,1935114619, 智创宏科技
335848,202109,2929543037,仙梦缘家具
335022,202109,444187991, 无辜的路人甲
519548,202108,1992142720, 停车场道闸系统
190237,202109,4138821053, 夏娃eve时尚家居
14274,202107,2211260325219,平朴健康
535527,202108,694989242, 河南麒辉重工13460291
651064,202108,139697303, 深圳超市防盗厂家
531756,202108,2665011850, 天龍包装工厂
93568,202107,2060329616,俄罗斯琥珀之家
118824,202107,3980416886,文忠装机
33094,202107,3879955670,d[s428824385]
339299,202109,155122230, 葱花一小把
44559,202107,2210360594621,吕胡百货
308426,202109,4036258513,青岛德木威洋企业店铺
75763,202107,267864000,猫哥的魔方小店
144168,202107,3118883763,范特西唱片
120805,202107,3846807316,纪元国度
209497,202109,3992322428, 您只管询价我不怕问题
116125,202107,3574416980,千禾礼品
556790,202108,96521110, 华钰电气
263894,202109,2890643934,万汇红木家具有限公司
320752,202109,2570474448,GFG轻奢原创设计OL
135311,202107,2961682653,恒测仪器
286968,202109,2916639123, 你我创意家居
54965,202107,361940049,原创丝绸納安店
54593,202107,4147991262,d[s385496426]
191343,202109,783877967,珍珠钱大大珠宝
6575,202107,16348448,玉缘阁新疆和田玉优选
525224,202108,1792113969,佛山唯美家具
152327,202107,1714653298,常州市金辉绝缘材料
16698,202107,2207846989319,凡萨科啤酒设备
317997,202109,373299649, 安家卫浴工厂店
124409,202107,54218692,杭州朗固工厂店
206660,202109,478329973, 梦想体育 专注正品
7345,202107,95427850,宏威腾飞
38938,202107,418353710,莳花集美学设计轻珠宝
68194,202107,682154592,念念家品牌折扣
327614,202109,666673702,立邦官方旗舰店
248721,202109,4010069268,摩登智能设备
282384,202109,306168804, 丹姐家衣橱
68493,202107,105687089,星象学
535086,202108,914474808, 莉莉子lolita店
303302,202109,1027468224, 力比特精機
61054,202107,2452754426,日兴机电
636424,202108,2206704461435,汇千环高端家具全屋定制
305759,202109,2995197126, 华讯泵业
251987,202109,2463995218, BTYC onlineshop
300096,202109,1938276245, 白dada的储物柜
155059,202107,13715227,YUCHI澳洲代购
527896,202108,3185281753, ZW珠宝工作室
123304,202107,2515601584,LWJ兽耳手作原创
271889,202109,2201116969584, 铭达环保
96739,202107,861433402,没事儿卡牌
627789,202108,14536789, 郑州易邦北易禾星
583781,202108,1852639068, 東山奈央のATM
80146,202107,2280375171,兜兜的地摊
624512,202108,104997171,柴郡喵工坊
213213,202109,15029510,电影发狂
90210,202107,3242976366,鹏为物联
182463,202109,1057389315, 松鹤亭汉服
636767,202108,1767588500,华强北商行
221463,202109,2892978192, 飞越防爆电器生产厂家
298737,202109,2819132611, 青岛毅锟木工机械
104734,202107,3196130023,大信五金
501232,202108,4099378809,富雅公司企业店
62754,202107,64306193,门记手工金银坊
316080,202109,510340982, lotusa vintage 古董
44003,202107,3400206477,Panasonic松下电焊机
33374,202107,690696841,长春弘鑫装机店
2156,202107,497372721,珂蒂诺家居生活馆
254920,202109,3177681431, 济南嘉德销售一部
567930,202108,2208686770008, 玻璃钢标志桩生产厂家
297660,202109,1046302078, 德艺魔玩
208148,202109,1725236145,静静带你全球购
522232,202108,1910893249, 24岁的老奶奶
46780,202107,730874478,CC饰品珠宝饰品
609983,202108,2808862708,老戴文玩官方店
14699,202107,1768878423,数着桃花飘落
177110,202109,1752416112, 发电机专业销售 13799
32147,202107,3652735256,95分大牌抢购拍
229861,202109,890540565, 西拾木作
71410,202107,2731539351,壹块儿美玉玉器店
58620,202107,1936384960,雅美POP
505920,202108,2263169936, VINE｜YN
107009,202107,2245932020,广州荔湾水晶批发商
259180,202109,79615686, 章章的丹麦代购
568392,202108,1054708729, 玉见迪迪珠宝定制
72164,202107,2208020654166,濑濑女装店
182867,202109,722469241, 武汉市科跃机电
85935,202107,884841002,棠公馆
334595,202109,129979576, 白铃的店
289349,202109,2638021708,贤得珠宝
104935,202107,2209200420032,瓦房店运承轴承制造有限公司
567825,202108,224427492, 新视野岩板
339281,202109,430978572,哈狐外设
251593,202109,1104117662,MK摩卡玩具店
315759,202109,2874165038, 中国艺雕
493364,202108,3021745306,花花北美代购
190997,202109,589165348, 周游者cyclists锂电代
209500,202109,3996214726,螃蟹供应链
193128,202109,2203822902896,SpecialPie射箭射击装备
19426,202107,54096177,威圳实业螺丝磁铁胶棒
230503,202109,4241627526,浙江国川电力科技有限公司
22513,202107,3495967976,达英TopAir
275277,202109,1731947723, 卓多姿女装直播店
320564,202109,3495967976, 达英TopAir
609033,202108,4262258658,赛唯办公家具企业店
97609,202107,1676054671,紫晶洞矿区批发
113870,202107,3240810628,福如东海水晶珠宝
305452,202109,2208179223915, Gao高原创轻奢
155165,202107,2204111427578,修心修行修福德
89942,202107,2145558942,森森木格
216746,202109,2200628245399,翔声智能
75681,202107,1922184594,翡翠老头
154991,202107,2587579687,路西法品牌店
542182,202108,115780202, 烟台机械钟表商城
279346,202109,2226172228, 广州华诚汽配商行
217023,202109,2201286473691,阿仪家居专营店
99997,202107,50258304,优品供应
627265,202108,52847106, 汽车丝带 桃木车挂
36743,202107,827268692,深圳鑫华谊电子
135920,202107,2200790618784,潮牌男士专柜
191868,202109,1994449509, 橙子的穿搭衣橱
316528,202109,3102723284,honma旗舰店
226504,202109,505459722,13家 CC轻奢女装本店
39743,202107,2056266642,广州欧特新型环保材料有限公司
249971,202109,1925245475, 岳西岛电 温控专家
332838,202109,3348357604,深圳精益机械
322908,202109,2989370209,倪小泥外贸女装店
300383,202109,2365449158, 张马原创女装服饰
549035,202108,1667392776, 晓章电子
110262,202107,104564180,品壹pc亚克力板材厂
180318,202109,1781565295, 帝阁铜商城
520811,202108,2625929682, 景麓珍珠
318412,202109,2207651646173,奥鼎工具旗舰店
250865,202109,922561533,家乐锁城
126313,202107,3172497471,西普鱼池过滤
229824,202109,398078645,just pearl
144751,202107,45214991,歡樂小铺2店
610308,202108,841741860, 四川衫海印象文化创意
251236,202109,2207967494585, 品牌优选nvzhuang
183746,202109,67054623, COCO模玩
323758,202109,1725838492, TT的野生金店
247588,202109,474869678,爵品数控车床
29737,202107,2079108932,小小菠萝 little pineapple
131335,202107,2971254821,莫言的电脑定制店
222178,202109,2013570181, 杨娃娃定制家WAWA
215130,202109,2276683760,山东雅玛柴油发电机组
13563,202107,1811510926,竹子电竞俱乐部
633481,202108,857138016, 济南玖久综合布线批发
320292,202109,85696768,新博围棋
201332,202109,2364433096,佳园装潢官方店
217721,202109,3689396613, 赵氏汉服工作室
76235,202107,3018962635,耀出彩精品折扣店
113578,202107,2200598370312,山东大汉数控机床公司
53052,202107,2625903981,BiBistudio
211791,202109,921641565, 广东奥科半导体
53239,202107,185556654,樱之手作 独家设计饰
609606,202108,3548227343, 布叮犬业
98778,202107,65414801,蛋蛋小铺德国GO
251126,202109,1037456368, 南京南土仪器设备
102701,202107,823371612,上海讯尼科技
569016,202108,846636056, 鸿运阁钟乳石
150815,202107,49328575,超能玩家
320566,202109,3501686350, 无缝钢管合金管精密光
554234,202108,26474750,至爱光影
311240,202109,2007142984, 清浦区首鼎机电设备经
249556,202109,2597012061,南泰工具4S店
192120,202109,20552365, 米家精选好料社
146907,202107,2069262054,MEDAVITA品牌店
229910,202109,2201533853248,清音阁原创汉服
177130,202109,176823023, 般若麻衣铺
645935,202108,2271600832, 东北特产胖海燕
297236,202109,3605161241,广东金鑫扑克厂
61844,202107,1079984585,MIRACLE米洛克高端品
578383,202108,4200892499,柯菲食品店
522802,202108,36915156, 冒险名人
106797,202107,2238088753,雨点动漫服饰
64276,202107,1048158059,大连服有服装厂店
650181,202108,2770811190, 乐旺宠物用品工厂店
54520,202107,64496159,大河内之家
123500,202107,440637552,盛百林珠宝
145946,202107,733196404,清迈纸制品厂
2637,202107,2207710228570,灵动指尖音乐铺子
256062,202109,32722180, 荷瑾依
21450,202107,69973092,天空 傳承－極樂之源
128386,202107,1745289221,d[s105186303]
128124,202107,4133032124,嘉希水晶珠宝定制JX
532279,202108,2826733221, 卓朗苏拉立达纺机配件
598160,202108,1738017073, ACGDang游戏加油站
209905,202109,2815665131, 豆小西轻奢
43757,202107,339755129,众创工控金海店
237510,202109,2209200420032,瓦房店运承轴承制造有限公司
124501,202107,2464949215,老盛京书画院拍卖店
76887,202107,130312129,尚康之城
649657,202108,894870266, 上海旺平仪器仪表商城
193618,202109,2810831881, 深圳市通道闸生产厂商
194946,202109,2944500235,中粮名庄荟酒类旗舰店
290116,202109,2022515941, 鑫塔升降机厂
304619,202109,3307033040,摩卡轻奢
62373,202107,2533611306,初学者工厂店
141729,202107,1579414459,妆奁向闻古典珠宝设计
281456,202109,2200825129450,巨勒旗舰店
29568,202107,3703507473,小席啦
239769,202109,3936967666,扬州晓航游乐设备有限公司
261305,202109,154135532, YOYO优优YOYO
300629,202109,244148733, 美衣仙豆精品女装店
314087,202109,2579249826, 葡萄牙 Ya微
70974,202107,3284321891,合欢树端子机剥线机加
195961,202109,910438998, 妖精的家美国代购
5893,202107,1101747355,石力派翡翠手镯3号
533580,202108,1794092427, 侠客剑庄
128243,202107,2143021881,正品亚德客气动
129125,202107,822776209,东众活性炭厂
330080,202109,713097810, 曲阜市飞腾机械
509357,202108,3448340791,卓文后酒
57969,202107,835457906,上海日辉二手工程机械
270750,202109,10246737, 玩聚馆 Toys Party
596808,202108,2536139488, 乐购收银台
246166,202109,383287898, 苏式精诚
56403,202107,408149818,彤阳摄影器材大全
240185,202109,2808626696, 玻璃花信
27526,202107,3954085501,广茂泰工厂店
269438,202109,2320320143, Frogic Studio
258100,202109,2200626021216,通发激光焊机
303425,202109,291970665, 寒玉暖阁 和田籽玉
649605,202108,2206361034745, 原装正品电子元器件分
493215,202108,140631675, 温州普凡塑料制品厂
567356,202108,4260555984,文清科技有限公司
496066,202108,195851407, 仙台屋
633635,202108,2207404185249, 天空的云2000
313045,202109,1671533684, 莲香缘
571730,202108,3389353775, MG时尚猪
13345,202107,197049783,曦沐珠宝企业店
339085,202109,135374653, DOLLAR多乐大本营
557755,202108,3463827758, 多麦珠宝
326501,202109,1698891606, 力达机电鸿运旗下品牌
97067,202107,68785639,SIMOR手作兽耳
9814,202107,79322344,鹿白商店
573277,202108,1828073231, Sayoko小夜子原创设计
528848,202108,2200556744177,金启盛电子企业店
315432,202109,10169528, ZANGKE 藏客 西藏古玩
246865,202109,4029124864, 闲庭馆
145392,202107,864595794,浙江嘉柴发电机厂家
56648,202107,4051159081,one and only studio
532519,202108,837180701, 惠佰数科厂家总店
532802,202108,758681509,锐羿官方企业店
141411,202107,48778188,AS天使工房总店
14518,202107,751314303,菲梵家具
582379,202108,4031592703, 友品高端工控设备
40891,202107,1981149050,德尚太阳能
8754,202107,3974741479,小海萌宠馆
547937,202108,1606713224, 宜家智能卫浴生活馆
640419,202108,1980552824, 广韶名龟繁育金钱龟
336249,202109,2211067765968,莫麟旗舰店
239191,202109,255774521, GXP store
258757,202109,1854399856, Agoni原创设计
331690,202109,275837457, 江苏土木工程安全监测
18033,202107,885261508,赛伯特工厂店
189111,202109,66770715, 应夙 贰店 不负清风朗
303069,202109,927362388, 小风の雑貨店
206317,202109,2843181329, 山东一步一道数控设备
497567,202108,3535821137,佳琪美妆 H
276253,202109,1963084291, 云盛微电子
179383,202109,2665206143, 好品壹号店
300045,202109,1893241129,汉唐中医养生堂
288290,202109,1968631745, Foever Lucky
113273,202107,1737969558,艺彩广告设备
270903,202109,878985350, 羊毛剪工厂店
17189,202107,2367207505,泰州市蓝鲸机械
330130,202109,73419922,一莲堂
634753,202108,39731191, 北京妞儿的完美代购
211392,202109,2517831390, 西门子宁波分销商
613736,202108,3003847529, 浩瀚健康科技
259058,202109,2206962476606, 航航机械
6399,202107,40984788,d[s33728076]
113637,202107,2843181329,山东一步一道数控设备
22922,202107,2210029807094,英格莉高级珠宝 真金真钻真宝石
255744,202109,2206498682283,若爱只是初见
149674,202107,3345534026,盐山县统力机械制造厂
535638,202108,1052416821, 文达原装正品店
260909,202109,2206371549091,omodoki
207722,202109,2207756504552,恒旺集团工程机械店
141861,202107,379156797,智能收银设备
218263,202109,1646804939, 精彩的女人?
283083,202109,2211776389804,恒彩设计旗舰店
69715,202107,99508099,无锡二泉自动化设备
13242,202107,1997494212,睿哥日常杂货店
189725,202109,2961093140,三量旗舰店
180099,202109,2085677508,闻说茶器生活馆
241539,202109,719124551,曲静静日本中古屋 QUQUVINTAGE
192256,202109,3503930548, NOVEL'S
303073,202109,928401692, 上海仝耀实验仪器
264084,202109,2208455228610,住范儿装饰
132436,202107,11618731,武汉淡淡饰界珠宝有限公司
186654,202109,2201232855993,福斯特五金旗舰店
319078,202109,1981149050, 德尚太阳能
92916,202107,2200730364065,静玥翡
207591,202109,667790906, Gravel Bike
226580,202109,1101090151,森鸿宜居家居集市店
17404,202107,2354892072,玩家殿
66863,202107,583050,字美数码
527569,202108,201104521, 爱你宝贝永康店
560471,202108,138352868, 电竞巅峰新时代 http:
251717,202109,2210503754279,圣诞鸟整装旗舰店
547794,202108,442039541, 玩具乐
196901,202109,365147511,【汉资】汉资生活馆 高端 家具订制 服务
278320,202109,403894579,麓泽希 LuZexi
624802,202108,800601297, 江苏通诚数码
15561,202107,65832809,蒙面IT侠
264335,202109,2210074411038,颐家人专享
316994,202109,2200570731816, 智多信时坚高压成套
193665,202109,2843645718, 惠达产品批发大全
205691,202109,2384896145,珊达激光
595188,202108,2634898885,杭州图琦仪器仪表有限公司
189829,202109,729593684, 藏无缺
97387,202107,4225856510,德州顺泽空调设备工厂
505880,202108,2992700494, 汐妈外贸零售批发2
219803,202109,3007844368, 海归派尚紫名品2号店
330274,202109,3398305236,ketailaser旗舰店
311062,202109,2431641721, 卿如故汉服工厂店
550290,202108,325474658, 天工制作室
337649,202109,69973092, 極樂之源
138829,202107,169265183,九牧开关插座工厂店
88518,202107,2200724483666,钱多多珠宝工厂店
227939,202109,2851227507, 雨彤服饰店
509203,202108,2818327244, 东越珠宝
300756,202109,876317243, Doll Glisters
172744,202109,2892962473, TG小姐妹 糖果小姐妹
299524,202109,730562724, 尚季Maniac
211702,202109,685464528,济南维克特瑞液压机械
583802,202108,1927379358, 品牌空压机配套商场
108105,202107,22824499,铭亮不倒翁工厂自营店
233010,202109,733001325, HELLO MARY
3419,202107,2208298751500,乐想大师 益智玩具
259825,202109,34707641, 草莓大棚游乐园
113506,202107,2210503903299,名舍时尚
179163,202109,26352959, 忆翠堂
143851,202107,2207279625694,Xiaoai香港珠宝
67503,202107,655970276,德国正品在线
503953,202108,2283714533,艺德堂画馆拍卖店
279696,202109,119104978, DB卫浴
272940,202109,332192671, 卓玛拉天珠传奇 西藏
299012,202109,665994864, 莱特洛家居
25619,202107,52960388,又及手作
508030,202108,76980893, 饼饼子 原名饼干 娃衣
126226,202107,76237600,讯盘智慧结算台
211622,202109,2206634261445,江南衣品Fashion
518715,202108,866130756, 俏丫头欧洲购
542049,202108,70814241, RFID电子标签主营店
597592,202108,868084795, 阿玲家石榴石工厂店
226506,202109,50593218, BlacKK
70067,202107,3870617201,宏兴盛世家居装饰
319319,202109,74160489, 不轨不轨 原创国风
84382,202107,2995197126,华讯泵业
608658,202108,2984328189, 西门客栈
320271,202109,846033725, 小逸品牌折扣女装
196099,202109,2207524158979, 领雕数控工厂店
226480,202109,3693840951, 国王与夜莺JK制服馆
188814,202109,3545513095, LJJ意大利嗨GO
503582,202108,34558812, 瞧赢高端男装品牌店
309356,202109,2206685995197,柳乘气动企业店铺
31259,202107,73644347,二黄加冰小卖部
609844,202108,783111099, 苏泰科技
195111,202109,2200834887443, 淘塔罗TTL新店
304193,202109,3653209570, 禾罪TIPSY原创捏脸
534241,202108,56622099, 黑白灰设计站
284305,202109,2335635188, 诚缘缅甸琥珀
151953,202107,3099494590,澳莱商贸
329270,202109,2206109953224,天天精品商贸1014
82041,202107,1113223617,水魔魔の御膳房
182693,202109,1084390623,管易通软件
64225,202107,364374154,昊瑄工控贸易
41604,202107,2326623544,妹记厨具
334166,202109,2201443337689, 中考专用跳绳品牌店
215352,202109,2422807716, 蓝烁太阳能
253150,202109,2052911488, 华科精密设备
234696,202109,1595156970, 盛泰重工
494738,202108,3325470269, 姑姑在日本
507699,202108,703478660, 鸿运酒店家居生活馆
62703,202107,591479855,香港港威數碼
246991,202109,2206638712145,亦澈旗舰店
294059,202109,215960165, 上海爱晴儿珠宝
76929,202107,321300617,杭州松三电子
35531,202107,129152899,__野菊
182353,202109,3258302361, 海西宏达木工机械
292280,202109,2208047815910,百融家居旗舰店
13541,202107,1035815876,任格电子元器件分销商
226135,202109,108816284, 电梯厂家
65574,202107,2700659816,石力派翡翠3号
635081,202108,2836418301, 启和销售部
330591,202109,773089796, d[s69230272]
242712,202109,370475295, 方小鱼韩国东大门银饰
278197,202109,2206555707766, 小方格韩国银饰
245632,202109,2547275211, 潮九晚五朝三慕四
7419,202107,2053474997,慕韩自制
197092,202109,368907038, A7 Vintage
314583,202109,266947652, 充绒机灯箱专业制造
222362,202109,929812023, 景云花镜古董珠宝 古
615047,202108,2659199772, 机械制造专家 已认证
546412,202108,2206702039532, 白鸥阿姨的小店
236763,202109,1043747069, 徐州瑞腾焊接设备
211426,202109,2544235927, 里恰生活
35407,202107,171451668,涵涵妈咪日本代购屋
198222,202109,2171311682, jkjs原创设计品牌直播
303715,202109,3450930833, ON MY OWN
250847,202109,911757567,天士力大药房旗舰店
147208,202107,1829650862,现代轻奢官旗店
529151,202108,922660019, 劈柴和果木
523881,202108,2903971801,深圳市光辉微电子
606409,202108,4092470786,黑谷科技企业官方店
223871,202109,2206697072967,桃鸯旗舰店
136352,202107,2572815140,美尔绣企业店
274253,202109,15497262, 比翼神鹰 经典飞行、
222140,202109,907933870, 福鹿记工作室
176645,202109,167807163, 红叶闲置仪器
215542,202109,1922834717,漫蝶莱秀旗舰店
330784,202109,3622250677,icolor设计旗舰店
131400,202107,743219333,中航无人机
329909,202109,1689945214,拜欧大药房旗舰店
595959,202108,679956243, 汉兴珠宝实体店
285753,202109,298552131, 中盛高尔夫休闲设备厂
122136,202107,266947652,充绒机灯箱专业制造
322757,202109,593259807, 青釉手帐
228256,202109,785587905, 超极智显科技
160358,202107,669464192,同学们的数码店
29572,202107,4167506653,JJBOOM急急蹦科技
187360,202109,3419077549, Mon Peri
220793,202109,3345534026,盐山县统力机械制造厂
310108,202109,3975022610,斯意达电子产品经营部
295751,202109,2432925928, 小土豆JK制服馆
88849,202107,676098046,北京嘉兴科技图形工作站服务器
25629,202107,3295249461,富二代Tokyo名品
224877,202109,3488770861,优佧航塔机升降机工程机械
296559,202109,46779390, 大娃娃雕像馆
511773,202108,2577204675, 巴黎希腊
306812,202109,715477874, 浅羽集国风美学原创设
522699,202108,2529820790, 无忧运转
202000,202109,25190769, 意墅中国别墅家用电梯
261898,202109,2928573988,奥狮蒂菲旗舰店
263508,202109,20211217, 叁思珠宝设计 美学人
37326,202107,3314672240,u[3314672240]
496057,202108,559270268, 昨日美术馆 Yesterday
255730,202109,2206403924769,山东康晟塔机升降机配件
178693,202109,3975462133, 航腾液压销售总部
522147,202108,781153635, 福建世福自动化
219498,202109,265129009, 清原博物
65432,202107,739784792,一分钱壁纸工作室
192772,202109,4039626570,艾丝洺旗舰店
510971,202108,3695140767,遇见美女装精品店
338539,202109,3952427561,型麦旗舰店
295797,202109,3043432863,韩莱路旗舰店
135415,202107,2207709712633,佳米丽家居
136465,202107,1071382936,诗意的北欧皮草汇1535
129342,202107,2880564590,奇阿玛尼亚代购店
217613,202109,655052811, 北京华维国创smt设备
31677,202107,1638091137,大伟数码店
239301,202109,77052752, DOUO 朵朵小懒
207916,202109,16783600, 山形研究所
325993,202109,152919604, 江苏创永激光工厂店
242474,202109,3545736079,劲绍旗舰店
589582,202108,2211037264941,Two sheep
641488,202108,2204184112315,中国鸿星特荬店
14611,202107,2208851839805,糕糕外婆男装店
510357,202108,2200741943489,山袁服装
60504,202107,2209351754719,不怕没有男朋友
119815,202107,2208757161363,金灿服饰店
80416,202107,2738543104,静静女装阁
504400,202108,2391233264, 欧哥超值仓
101121,202107,2394216950,碧金彩
49612,202107,2980527149,藤之物
257591,202109,1610164523,布同欧洲面料布料
247977,202109,2212163081778,南极人家居折扣店
242138,202109,2919034812,铂株品质店
318935,202109,2210491863740,居家尚物
309829,202109,2208021467568, 珍臻服饰内衣店
242430,202109,2209231153605,巷里六人的小店
256635,202109,2209274935771, 宁采臣生活馆
207949,202109,2209509361847,连城县帛振雨百货店
193330,202109,2206354887236,平步扶摇摇
194316,202109,2210502027614,五点六点1号的小店
256431,202109,2208776292091,精选居家百货
292520,202109,2209151594259,夜染尘萧的小店
275572,202109,2211163964149,云清服饰
